driverId,name,ssn,location,certified,wage-plan

10,Ms. Molly Oconnell,355-60-0028,"044 Katie Route
New Lindastad, TN 64027",Y,miles

11,Justin Williams,388-53-0985,"884 Margaret Neck
New Brendaberg, MH 65695",Y,hours

12,Miss Isabella Hall,031-65-6165,"2957 Mahoney Haven
New Kimberlytown, NC 43814",Y,miles

13,Steve Ramirez,260-19-6156,"824 Robles Throughway
Lake Michaelborough, PR 51919",N,miles

14,Andre Cervantes,632-67-3987,"5539 Kelly Parkway Apt. 431
Stevenberg, RI 98788",N,hours

15,Vanessa Torres,324-69-8173,"USNS Yang
FPO AE 04230",N,hours

16,Christina Ross,668-06-1147,"02433 Dylan Rue
Christopherberg, WV 44668",N,miles

17,Amber Hicks,165-03-4713,"4057 Megan Walks Apt. 879
Goldenmouth, KY 27490",N,miles

18,Andrew Fuller,536-60-4638,"6421 Morris Squares Apt. 980
Sharpland, NY 66931",Y,miles

19,Tracy Medina,244-16-4788,"25587 Thomas Ports
New Andrea, SC 47899",N,miles

20,Richard Pennington,854-34-3307,"886 Miller Circle
Arnoldtown, TX 25552",Y,miles

21,Joshua Roberts,898-09-0758,"78701 Taylor Mission
South Jesseton, WY 39918",Y,hours

22,Ryan Chung,162-01-1818,"671 Orozco Via Apt. 121
Wendyfort, MH 49790",N,miles

23,Erica Reynolds,444-61-0550,"PSC 6144, Box 9052
APO AE 52360",N,miles

24,Thomas Leon,208-81-8726,"0577 Briggs Terrace
East Robertberg, KS 91094",Y,miles

25,Kaylee Black,143-47-8401,"2110 Pacheco Villages
New Samantha, IN 06839",Y,miles

26,Ronald Davis,316-12-7690,"9292 David Fort Apt. 126
Lake Kyleburgh, VT 71910",Y,hours

27,David Schmidt,745-06-2235,"USNS Gross
FPO AA 97068",Y,miles

28,Victoria Brown,206-59-0449,"2067 Mary Village Apt. 129
Hollandfort, UT 98579",N,hours

29,Sandy Turner,756-12-4713,"Unit 9316 Box 4155
DPO AE 54390",Y,hours

30,Sean Taylor,134-85-5288,"259 Nguyen Brooks
Danielside, MP 46787",Y,hours

31,Michelle Rodriguez,614-26-6391,"0613 Cochran Dale
East Christinefurt, AK 44121",N,miles

32,Heidi Edwards,625-45-0048,"661 Ball Course Apt. 775
Robinside, WV 03474",Y,miles

33,Charles King,794-68-4033,"0401 Bruce Hollow
Erictown, FL 75314",N,hours

34,Taylor Sandoval,608-06-1767,"8119 Donovan Motorway
North Raymond, AZ 08687",N,hours

35,Andrew Rivera,157-42-7114,"138 Tracie Lodge Apt. 625
New Paulbury, WA 59162",Y,hours

36,Sara Johnston,555-74-8926,"Unit 9499 Box 0609
DPO AA 32849",N,hours

37,Regina Roberts DVM,263-25-5732,"072 Alejandro Isle
Christopherhaven, UT 16536",Y,miles

38,Dustin Griffin,744-72-9475,"1352 Cynthia Cape
Longmouth, MH 59642",N,hours

39,David Ward Jr.,717-02-7577,"4902 Michael Throughway
Corybury, VI 39260",N,miles

40,Norman Tucker,767-28-3952,"5346 Bell Rapid
Stephaniechester, FM 63728",N,miles

41,Katelyn Taylor,737-83-6717,"77217 Robert Springs Suite 918
Patrickchester, FL 64477",Y,miles

42,James Mathis,893-85-9350,"471 Ryan Wall
Port Garychester, FL 38169",N,miles

43,Olivia Chen,105-06-2925,"467 Ann Throughway Suite 625
Lucasview, AZ 37467",N,hours

44,Allen Martin,443-69-5271,"873 Jaime Centers Apt. 461
West Ricardohaven, MO 18829",N,hours

45,Tammie Wilson,568-84-1164,"317 Donald Parks
Johnstonshire, TN 46591",Y,hours

46,Paul Johnson,645-26-6298,"741 Davis Dale Suite 254
Jeffreymouth, CO 01704",N,miles

47,Corey Morris,642-96-9252,"58804 Stewart Summit
Thomasport, SD 27805",Y,miles

48,Daniel Flores,746-77-3748,"PSC 6975, Box 9446
APO AA 27033",Y,miles

49,Sabrina Meyer,546-79-0410,"6818 Hernandez Walks Suite 210
Aguilarburgh, AK 17035",N,hours

50,Diana Austin,072-44-3032,"069 William Estate Suite 980
Smallland, LA 83569",N,hours

51,Cindy Lewis,557-40-5958,"809 Taylor Trafficway
Williamport, KY 84033",Y,miles

52,Bradley Meyers,127-46-5386,"977 Kennedy Expressway Suite 774
Angelafurt, MI 82839",Y,hours

53,Alexis Hunt,238-07-8336,"PSC 7711, Box 0287
APO AE 60901",Y,hours

54,Christopher Gomez,659-95-8784,"873 Mckinney Pines Apt. 115
Nicoleside, NC 08915",Y,hours

55,Kristin Rodriguez,596-51-9130,"919 Lawson Bridge
West Sergio, KY 97259",N,hours

56,Sandra Byrd,670-74-3745,"6720 Gill Tunnel Suite 366
West John, WY 63438",N,hours

57,Cassandra Edwards,644-99-0705,"36313 Sean Parkways Apt. 095
Lake Erikatown, ND 99720",Y,hours

58,Melanie Gross,060-17-0758,"18439 Keith Keys Suite 843
Kennethside, NM 77930",N,miles

59,Garrett Reese,265-61-4453,"8836 Glenn Key
South Amandaberg, DC 91379",N,miles

60,Michelle Brown,828-57-9123,"33591 Fowler Field Apt. 458
New Colleenfurt, DC 67059",Y,hours

61,Mr. Dale Gonzalez DDS,292-36-6998,"923 Kerri Views
New Valerieside, PW 53675",Y,hours

62,Timothy Hernandez,070-80-4278,"100 Harper Squares
Lake Cassidy, MD 73602",Y,miles

63,Renee Jenkins,153-95-8488,"5977 Amber Fork Suite 717
East Jessica, PW 08073",N,hours

64,Aaron Morris,131-79-3015,"959 Lynn Causeway
Adamton, FL 64956",N,miles

65,Calvin Freeman,559-01-5359,"3976 Wiggins Glen Suite 479
Christinaborough, AZ 19603",Y,miles

66,Pamela Hunt,124-65-5330,"9232 Vincent Pines
Kathleenhaven, UT 83305",Y,hours

67,Gerald Craig,523-31-3963,"4344 Jeffery Spring
Christinetown, WA 60690",N,hours

68,Edward Allen,057-94-2039,"PSC 7641, Box 0266
APO AE 54748",N,miles

69,Scott Martinez,609-81-1462,"3180 Sweeney Isle
Port Desireeville, WA 93473",N,miles

70,Barbara Porter,841-20-6221,"PSC 4266, Box 8597
APO AA 70923",Y,miles

71,Billy Jacobs,834-44-6883,"10018 Webster Roads
Johnsonton, GA 31371",N,miles

72,Beth Harvey,733-16-7544,"735 Veronica Plaza Suite 170
Murphychester, VA 36084",N,miles

73,Amanda Mccoy,258-76-7475,"490 Joseph Overpass Suite 828
South Douglasmouth, ND 70991",Y,hours

74,Megan Richardson,755-13-2953,"92731 Barnett Hollow
East Davidton, OR 39484",N,miles

75,Maria Wallace,168-05-3558,"296 Robinson Lodge Apt. 031
Tylerchester, UT 27238",Y,hours

76,Felicia Lutz,713-28-0639,"3685 Sean Mountain Suite 682
West Angela, MD 00987",N,miles

77,Dr. Brian Foley,114-12-7302,"06488 Paula Ramp Apt. 505
Carolview, AS 23007",N,hours

78,Robert Gonzalez,374-84-6139,"35875 Medina Pines Apt. 423
Port Jessica, PA 16610",Y,miles

79,Vincent Miller,408-90-3537,"PSC 5523, Box 3486
APO AA 28870",Y,hours

80,Matthew Smith,170-77-9728,"078 Jones Points
Port Ronaldport, NJ 83832",Y,hours

81,Stephen Sutton,537-34-1777,"06781 Perkins Plain Apt. 577
South Jessicafurt, AS 06590",N,miles

82,Margaret Morrison,897-34-5472,"1661 Wells Mountains
West Jacobland, IN 68449",N,miles

83,Nicole Wright,115-43-9323,"7084 Jackson Locks Apt. 676
South Charlotte, AR 96975",Y,miles

84,Barbara Webb,677-17-4393,"PSC 9721, Box 5925
APO AE 44953",N,hours

85,Jennifer Moss,160-78-6463,"95085 Hart Center
East Ianland, OH 74183",Y,miles

86,Stephanie Brennan,824-75-6919,"52523 Barrera Route Suite 301
North Vincentville, MI 93217",Y,miles

87,Katie Rivera,241-61-4690,"5954 David Club
New Steve, NM 71055",Y,miles

88,Danielle Hatfield,063-25-0056,"8644 George Island Suite 128
Perryberg, IN 12316",Y,miles

89,Dr. Kenneth Walker,809-84-1141,"1210 Wendy Glens Suite 865
Michaelview, AR 65242",N,miles

90,Jake Torres,369-08-0688,"92901 Crystal Green Suite 184
Wrighttown, WI 90818",N,hours

91,Dwayne Young,038-82-5959,"8079 Steven Forges Apt. 257
Jacquelinemouth, IN 41083",N,hours

92,Jeffery Spencer,764-93-6719,"959 Clark Trace
West Michaelhaven, GU 96552",Y,miles

93,Stephanie Taylor,353-62-8769,"578 Pena Meadow
East Alicia, NH 47416",Y,hours

94,Sean Miller,367-46-9363,"10184 Erik Field Apt. 163
Whitakershire, MS 82024",N,hours

95,Shannon Bennett,456-72-9084,"80609 Clark Garden
Port David, PR 59694",N,hours

96,Tammy Adams,537-17-2130,"61846 Daniel Hills
Amberfort, CA 57200",N,miles

97,Allison Garcia,353-10-6610,"5596 Gates View Apt. 951
Travisborough, CA 73051",Y,miles

98,Bobby Spencer,397-28-8738,"5773 Kelly Wells
Campbellland, ND 21176",N,hours

99,Jeffery Walters,370-71-7270,"748 Christopher Land Apt. 716
Robertfort, UT 73884",N,miles

100,Kathleen Murray,113-57-6647,"66762 Ronald Highway Suite 661
New Beth, VA 44273",N,miles

101,Edward Lopez Jr.,824-58-7431,"0736 Kelly Shore
North Raymond, WI 96830",Y,hours

102,Marvin Oneill,432-66-0103,"USS Lee
FPO AA 45210",N,miles

103,Bonnie Williams,083-80-5799,"94764 Donna Streets Apt. 200
Justinmouth, GA 07472",Y,hours

104,Angela Acosta,231-08-0493,"439 Maria River
West Shawn, OK 92633",N,miles

105,Alexandria Carter,411-37-0690,"5878 John Harbors
Lisafort, NM 36645",N,hours

106,Elizabeth Vang,821-94-2355,"00088 Aguilar Terrace
Richardfurt, NY 67080",N,miles

107,James Smith,839-67-5012,"05403 Lisa Roads
North Sara, MI 70718",Y,hours

108,Jeanette Taylor,757-95-1164,"045 David Loop Apt. 167
Parsonsborough, SC 98211",N,miles

109,Andrew Jones,707-60-7953,"5308 Susan Ville
Stanleymouth, OR 56410",N,hours

110,Samantha Scott,789-63-0580,"PSC 8099, Box 3754
APO AP 71727",Y,miles

111,Charlene Farley,188-43-9600,"4695 Samantha Stravenue Apt. 891
West Brandon, NH 62065",N,miles

112,Kylie Cohen,640-18-9128,"273 Hart Plain Apt. 973
Alexisfort, MD 06161",Y,miles

113,Michael Gregory,068-81-7181,"Unit 8142 Box 3957
DPO AP 67806",N,hours

114,Michael Sullivan,767-68-2915,"567 Deborah Creek Apt. 081
North Peterville, AR 40821",N,hours

115,Virginia Berry,020-82-9668,"8184 Williams Branch
Rebeccahaven, OK 93474",Y,hours

116,Rose Erickson,072-15-0771,"3013 Michael Track
Port Joshua, KY 07461",N,miles

117,Matthew Wiggins,760-40-1850,"014 Breanna Harbor
East Brandon, SC 06465",N,miles

118,Glenn Austin,243-32-9989,"62872 Bennett Spur
Karenfort, GA 94080",Y,miles

119,Brian Martin,154-01-3450,"32301 Hobbs Dale Suite 934
Kevinborough, AZ 95041",Y,miles

120,Michelle Smith,213-17-8193,"03331 Jones Lodge Apt. 433
Tonyview, VT 05790",N,miles

121,Richard Lopez,491-17-5131,"5651 White Plains Apt. 710
Port Anthonyville, WA 57272",N,miles

122,Jennifer Herman,402-53-2799,"101 Mackenzie Light Apt. 034
Lake Nicholasfurt, SC 70251",N,miles

123,Michael Mcdonald,512-98-9780,"908 Derrick Lakes
Loweport, PA 53296",Y,hours

124,Molly Morton,406-69-4958,"690 Sanchez Lodge Suite 730
West Leslie, OR 95168",Y,hours

125,Dr. Lisa Gray,673-25-6606,"38686 Brenda Spurs
Paultown, VA 58529",N,miles

126,Brian Olson,833-42-6838,"7162 Murray Shoal
New Paige, DE 87235",N,miles

127,Sherry Thompson,153-61-0690,"Unit 9984 Box 3061
DPO AP 23429",N,hours

128,James Phillips,298-31-5311,"9541 Angel Ranch
Thompsontown, VT 84899",N,miles

129,Sharon Herrera,692-48-4497,"20830 Charles Vista Suite 177
South Christinaburgh, WA 28207",N,miles

130,Yvonne Choi,569-46-1559,"200 Tina Crescent Apt. 935
North Maureen, TX 93506",N,miles

131,Todd Torres,822-50-9878,"58861 Martinez Coves
Lake Brandonshire, AK 07128",Y,miles

132,Mary Kelly,425-78-9247,"140 Heather Glen Suite 603
Rebekahhaven, CT 89950",Y,hours

133,Frederick Santos,326-54-6890,"2185 Timothy Unions Apt. 908
Richardsonburgh, WA 50530",N,hours

134,Marie Thomas,171-47-6763,"65841 Peter Vista Suite 737
Rosstown, UT 28640",N,hours

135,Brett Ramirez,318-86-2000,"835 Jennifer Village Suite 228
Johnsonfurt, OH 57294",Y,hours

136,Michael Sosa,819-20-5430,"5707 Hampton Station
Kleinbury, CO 52734",Y,hours

137,Christopher Berry,205-01-5038,"Unit 3945 Box 7155
DPO AP 17211",Y,hours

138,Jose Mullins,450-19-0634,"96247 Jacob Pass
Ericamouth, SC 56480",Y,hours

139,Jeffrey Dean,385-51-0595,"460 Kyle Branch
Sharonfurt, ME 43395",Y,hours

140,Joshua Anderson,422-96-3169,"USNV Madden
FPO AP 15602",N,miles

141,Alice Hines,100-01-0784,"4093 Karen Lodge
Hamiltonmouth, PA 98303",Y,hours

142,Michael Martinez,290-79-1629,"2688 Smith Road
Lake Larrychester, NM 87653",N,miles

143,Mitchell Velez,512-87-8015,"34173 Jason Hills Apt. 948
Port Jasonchester, AL 42704",Y,hours

144,Kelsey Mccann,755-23-7963,"297 Higgins Neck Suite 660
Barbaraton, CA 81033",Y,hours

145,Laura Fletcher,098-05-4834,"784 Jessica Parks Apt. 226
Jamesport, VT 92250",N,hours

146,Susan Smith,285-71-0107,"16936 Dixon Inlet Suite 760
South Robert, MT 61474",N,miles

147,Robin Lee DDS,683-68-0505,"8508 Mcgee Walks Apt. 133
Lake Jamesshire, TN 14320",Y,hours

148,Whitney Hernandez,464-82-9621,"8205 Joshua Mission
Castroborough, FL 09566",N,miles

149,Wendy Garcia,518-66-4687,"4502 James Lane Apt. 108
Garnerbury, RI 15273",Y,miles

150,Eric Brooks,123-64-5043,"7162 Isaiah Prairie Apt. 635
Cameronton, ND 83007",Y,hours

151,David Greene,635-53-8552,"318 Harris Ports Suite 808
Port Staceystad, NM 23774",Y,hours

152,Jason Hebert,026-88-7824,"2945 Mark Trail Apt. 437
Matthewstad, WY 36637",Y,hours

153,Lauren Mcpherson,480-07-9037,"31012 Miguel Centers
North Davidport, MN 21174",N,miles

154,Brian Watkins,121-72-8574,"464 Ochoa Path
East Bailey, MS 23637",Y,hours

155,Mary Garcia,118-26-6644,"9475 Donna Knoll Suite 536
Williamland, HI 69993",N,hours

156,Patrick Munoz,140-36-8989,"PSC 4606, Box 0295
APO AE 11232",N,hours

157,Corey Drake,156-15-3348,"PSC 4095, Box 0913
APO AP 50404",N,miles

158,Arthur Martin,070-65-8001,"2313 James Crossroad
Lake Laurafurt, ND 68969",Y,hours

159,Donald Jenkins,621-07-9742,"46684 Morrison Canyon
North Sara, GA 45722",N,hours

160,Colleen Campbell,045-18-2639,"5670 Brown Route
East Heather, VI 09285",Y,miles

161,Casey Myers,545-70-3681,"671 Merritt Tunnel
South Sherri, GA 90285",Y,miles

162,Laurie Brown,613-41-9247,"0295 Lawrence Extension Apt. 188
Juarezmouth, GU 00589",N,hours

163,James Poole,287-90-7975,"684 Brianna Corners Apt. 364
Anthonyshire, ID 01086",N,hours

164,Kathryn Boyer,342-91-7545,"960 Isabel Spurs
Waynehaven, SD 95568",N,miles

165,Elizabeth Peterson,407-18-8914,"54994 Ashley Coves
North Bradley, GU 00676",N,miles

166,Gary Guzman,331-63-8974,"5940 Booker Crest Suite 725
South Thomas, OR 56366",N,miles

167,Kelly Love,414-47-9393,"20098 Blake Freeway
East James, NY 03251",Y,hours

168,Larry Tran,123-59-7255,"10906 Stanton Manor Suite 315
Lake Sydney, WI 85634",Y,hours

169,Heather Davis DDS,693-30-4107,"59775 Cervantes Lane Apt. 957
South Courtneyland, AL 82099",Y,miles

170,Erin Thomas,669-50-5076,"499 Valenzuela Turnpike
New Michael, KS 95660",N,miles

171,Karen Fernandez DDS,200-72-6943,"13740 Lauren Shores
New Elizabethside, MO 15187",N,hours

172,Jeremy Chapman,782-61-1831,"0557 Shannon Turnpike Suite 582
Gregville, FL 90108",Y,miles

173,Tony Arias,177-99-4256,"86933 Williams Trafficway Suite 080
Matthewberg, GA 01882",N,miles

174,Bryan Jensen,472-96-8885,"3269 Christopher Knoll
Dennismouth, MN 46699",Y,hours

175,Robin Miller,101-02-5724,"122 Cassandra Green Suite 271
North Barrybury, OH 28286",N,hours

176,Brian Gutierrez,886-76-3927,"872 Mitchell Views Suite 855
Lake Mitchell, ID 59158",Y,miles

177,Deborah Gonzales,742-64-6790,"19111 Reyes Court Apt. 221
Bowmanborough, MI 69771",Y,hours

178,Dawn Torres,720-38-0512,"02801 Joseph Mission Apt. 779
Loganbury, NJ 83042",Y,hours

179,Justin Powell,564-80-9097,"6534 Gibson Walks Apt. 689
South Samuelshire, UT 44799",N,hours

180,Gina Arellano,062-98-9147,"Unit 6016 Box 6756
DPO AE 83758",N,miles

181,Grace Thompson,773-09-0564,"01359 Hannah Pass Suite 601
South Sandra, NE 37426",Y,miles

182,Judy Murray,223-41-1196,"64977 Justin Camp
West Patrickstad, GU 41339",N,miles

183,Mackenzie Tucker,176-17-1643,"9409 Wright Turnpike
North Jesse, CA 78191",Y,hours

184,David Spencer,187-22-5999,"407 Robertson Shoal
Shariborough, AR 97454",N,hours

185,Jon Reeves,002-18-6075,"PSC 5463, Box 3654
APO AP 62312",Y,hours

186,Amy Ochoa,061-01-5090,"Unit 1680 Box 2172
DPO AE 98671",Y,hours

187,Lisa Calderon,818-88-3036,"391 Michael Cape
Port Heidi, DE 73245",Y,hours

188,Billy Estes,672-40-8793,"83544 Jeffrey Corner
Lisafort, KY 94074",Y,hours

189,Stacie Ritter,268-79-2847,"95466 Lopez Tunnel
South Joshua, SD 87708",N,hours

190,Cristina Hernandez,601-91-2505,"3779 Gay Common Suite 644
Valerieland, MD 04554",Y,hours

191,Marcus Gray,564-52-3074,"06508 Prince Trail
New Patriciachester, MN 06684",Y,hours

192,Katherine Roberts,383-71-4165,"929 Hines Cliffs Apt. 662
Brycestad, OH 95221",Y,miles

193,Alexander Collins,226-61-4458,"42486 Darlene Shoal
Lake Mary, VT 62787",N,hours

194,Ryan Banks,015-74-8589,"440 Ali Skyway
New Jeremy, FL 18547",Y,miles

195,Mark Haas,304-68-5096,"854 Mora Point
East Loganfurt, IL 30630",N,hours

196,Dawn West,504-47-6529,"Unit 9472 Box 8552
DPO AE 46486",Y,hours

197,Catherine Page,163-29-2148,"2958 Chelsea Plaza Apt. 327
West Vickie, AL 96211",Y,hours

198,Matthew Thornton,173-09-0218,"0792 Amber Points
Youngport, MO 10427",Y,miles

199,Tiffany Oconnor,713-77-0104,"9694 Michael Square Suite 647
Douglasmouth, KS 68881",Y,miles

200,Danny Higgins,540-71-5433,"8588 Marvin Pine Suite 033
Gomezborough, MD 31557",N,miles

201,James Palmer,597-83-2175,"40685 Brittany Crescent
Lukehaven, UT 14310",Y,miles

202,Christina Jackson,717-76-6689,"2929 Trevor Expressway
West Michele, WV 63826",N,hours

203,Joseph Harris,679-13-6773,"51261 Alison Springs
North Garymouth, MN 79709",Y,hours

204,Jose Woodward,730-03-3738,"73292 Higgins Springs Suite 441
Lake Erika, IL 40244",Y,miles

205,Anthony Chapman,576-85-1293,"1354 Horn Wall Suite 270
Alishire, NV 87933",N,miles

206,Carla Dunn,273-63-7346,"32600 Barrett Pass
North Haleyfort, SD 99891",Y,miles

207,Leah Hammond,617-92-3948,"51584 Penny Hills Suite 794
Melissaton, AL 61825",Y,hours

208,James Sanders,719-66-5200,"57417 Santos Walk
Emilyside, SC 70887",N,miles

209,Jason Taylor,746-39-6076,"220 Regina Parks
South Eric, NC 53027",N,hours

210,Kathryn Thompson,553-65-3088,"806 Williams Port
Isaacchester, NY 30770",Y,hours

211,Richard Lee,586-57-9550,"446 Wilson Squares Suite 545
North Amy, CA 02415",Y,miles

212,Angela Gonzalez,799-48-5653,"12509 Johnson Gardens Apt. 183
Tracychester, TN 07049",Y,hours

213,Bruce Logan,420-31-3012,"283 Jennifer Branch Suite 922
Huangland, SD 80934",Y,hours

214,Christine Collins,791-02-2910,"99846 Miller Cliff
South Brooke, MN 22628",Y,hours

215,Christopher Carpenter,172-42-2463,"951 Brandon Haven
Dillonville, SD 96183",Y,hours

216,Timothy Diaz,242-83-1878,"2962 Davis Mission Apt. 007
West Robert, SD 43399",Y,miles

217,Judy Sparks,574-89-7050,"1514 Kelly Ville
Butlerside, MS 03910",N,miles

218,Michael Morgan,581-20-5154,"832 Edwards Walks Apt. 607
North Jeff, AS 43064",Y,miles

219,Joshua Fry,884-36-5146,"3288 Wendy Tunnel
Shaneport, FL 62620",Y,miles

220,Jon Mcdonald,847-65-1544,"456 Sonya Mountain
Andersonside, GU 78313",N,hours

221,Eric Pittman,662-84-3801,"2544 Johnson Manor
Shaffertown, SC 77952",N,hours

222,Rebecca Miller,164-98-1008,"98795 Williams Burgs
Williamhaven, SC 78397",N,hours

223,Jason Ortiz,091-84-2659,"248 Stacy Loop
Port Christina, VT 72446",Y,hours

224,Tony Jacobs,879-13-7391,"87403 Huffman Mountains
Crawfordburgh, CA 67449",N,miles

225,Chloe Thomas,718-46-7408,"92694 Johns Pine
Shawnview, MA 98863",Y,miles

226,Jo Vazquez,326-36-4664,"700 Austin Manor Apt. 104
New Joshuaview, VT 78199",Y,miles

227,Carolyn Smith,899-28-4475,"487 Dudley Coves
Aliciaview, OK 82210",N,hours

228,David Smith,353-72-5567,"6868 Dawn Port
North Roberta, MP 70782",Y,miles

229,Lawrence Higgins,614-64-8155,"39749 Jennifer Lodge Suite 792
Port Nancy, NE 42059",N,miles

230,Mario Doyle,566-08-2737,"8604 Randall Drive Suite 798
West Kimberly, VA 43443",Y,miles

231,Michael Larson,618-45-7893,"USNS Johnson
FPO AE 47679",N,miles

232,Mark Petty,270-37-1658,"4791 Wade Forge
Larryview, SD 65634",N,hours

233,Emily Mathis,491-17-4010,"0251 Shea Courts Suite 011
Lake Amber, MT 52850",Y,miles

234,Steven Hendricks,003-26-8166,"Unit 6312 Box 0676
DPO AP 90510",Y,miles

235,Heather Deleon,557-72-6619,"31598 Megan Curve Apt. 268
South Kaitlyn, NC 04285",Y,hours

236,Amy Nicholson,452-65-5411,"20485 Erik Corner Apt. 869
North Elizabeth, VA 82045",N,miles

237,Jennifer Lowe,733-42-8856,"526 Thomas Grove
North Krystal, IA 20899",N,hours

238,Mark Hunter,769-26-2221,"Unit 2323 Box 1800
DPO AA 50859",Y,hours

239,Patricia Walton,217-52-4616,"37381 Silva Locks
Brianport, ND 39942",Y,hours

240,Rebecca Bradford,382-50-6474,"Unit 5654 Box 9798
DPO AA 35540",N,miles

241,Laura Webb,765-89-8147,"797 Palmer Creek Suite 790
North Joannatown, FL 67781",N,hours

242,Cody Hicks,847-17-1097,"7566 John Lights
Wallacemouth, NV 51752",N,hours

243,Eric Schwartz,438-65-9031,"USNS Sherman
FPO AE 87262",N,hours

244,Carolyn Kennedy,606-97-3353,"Unit 6684 Box 1781
DPO AA 92157",Y,hours

245,Nicole Moore,879-27-8079,"USNS Harris
FPO AA 86023",N,miles

246,Kristina Reed,514-57-2044,"1210 Solis Trace
Teresafurt, UT 34680",N,hours

247,Tyler Thompson,731-32-8428,"891 Brandi Path Apt. 614
North Nathanport, MA 89988",N,hours

248,Dillon Patel,508-11-2346,"19401 Brett Hill Suite 991
Franklinside, MI 50460",Y,hours

249,Alyssa Kelly,390-61-9211,"6077 Laura Valley Suite 661
Sydneyfurt, FM 70684",N,hours

250,Allen Greene,576-42-7779,"41838 Roberto Orchard
Fryshire, NV 66626",N,hours

251,Jordan Jones,213-74-1639,"8385 Paul Square
Port Karatown, AS 51549",N,miles

252,Thomas Richardson,595-18-1443,"328 Bryan Villages
East Jasonburgh, MS 70137",Y,hours

253,Denise Craig,218-45-2351,"52171 David Plains Suite 259
South Laurenshire, NJ 52526",N,hours

254,Justin Smith,243-67-0233,"9819 Brady River Suite 545
North Timothybury, CT 53016",N,miles

255,Bill Murphy,515-21-7411,"1335 Darlene Isle Apt. 891
Port Julianmouth, VT 60509",Y,hours

256,Abigail Spears,300-17-4640,"048 Robert Neck
Port Lisaport, IN 76132",N,miles

257,Derrick West,697-90-8644,"6328 Christopher Lakes
North Matthew, GU 44939",N,miles

258,Kylie Brown,802-93-8276,"4352 Alexis Land Apt. 706
South Aaron, VT 69383",Y,miles

259,Thomas Ingram,702-72-0028,"9239 Schneider Estate Apt. 394
Devinton, SC 45952",N,hours

260,Thomas Davis,584-90-3469,"31099 Miller Islands
East William, MS 10910",Y,miles

261,Felicia Martin,054-71-5962,"76880 Ashley Brooks
Brianborough, DC 30822",Y,miles

262,Meredith Lopez,689-19-2148,"51759 Sparks Spurs Suite 353
Haleyshire, SC 67373",Y,miles

263,Andrea Stanton,536-12-8502,"718 Gabrielle Throughway Suite 699
Port Carolynview, AR 40008",N,miles

264,Kimberly Turner,019-60-2149,"Unit 6547 Box 3563
DPO AP 51658",N,hours

265,Katherine Knapp,178-77-8885,"8315 Robert Hill Suite 948
Lawrencemouth, AK 16800",Y,miles

266,Kristin Caldwell,286-87-5087,"0218 Hall Turnpike
Lake Ebony, DE 97886",N,miles

267,Thomas Chen,780-90-8749,"53540 Robbins Stream Apt. 072
Lake Kendrafort, FM 52182",Y,miles

268,Traci Silva,676-12-1939,"8643 Johnson Isle
New Valerie, IA 56097",N,hours

269,Nicole Casey,602-65-6460,"9257 Hart Motorway
Rossville, AK 22242",Y,hours

270,Richard Wilson,752-27-5488,"2475 Carter Unions
Ballhaven, PA 31833",Y,hours

271,Samantha Maddox,141-47-5207,"Unit 8640 Box 6995
DPO AP 15458",Y,miles

272,James Pierce,819-44-2906,"320 Cantrell Radial
Gainesfurt, NV 18538",Y,miles

273,Randy Ramos,097-03-6189,"6514 Joshua Ford
Tinamouth, NE 60939",N,miles

274,Caleb Buck,028-54-7248,"221 Joseph Manor Suite 853
Rebeccaborough, MA 70107",N,miles

275,Julia Wright,370-56-5488,"571 Hahn Pike
Zacharybury, SD 54966",Y,hours

276,Amanda Taylor,660-81-7820,"434 Juarez Pine Suite 696
Tonychester, RI 62237",N,miles

277,Ronald Mills DDS,539-38-0506,"838 Chavez Locks Apt. 262
West Danielville, KS 91223",Y,miles

278,Crystal Walsh,787-77-3319,"97713 Weiss Villages
New Carrieside, AS 34850",N,miles

279,Isabel Bailey,040-41-7239,"222 Rush River
Cantrellbury, TN 81945",N,hours

280,Barbara Mitchell,231-49-9430,"6328 Autumn Lock
West Lindseyton, MD 17839",N,hours

281,Stephanie White,744-13-9014,"8237 April Fords Suite 624
New Codystad, PR 90436",N,hours

282,Rebecca Dunn,848-77-1889,"93664 Christine Ford
North Paulaland, NY 38431",N,miles

283,Charles Hill,135-51-9597,"27393 Stephanie Well Apt. 350
East Jacob, SD 63378",N,miles

284,William Garrett,248-43-8214,"205 Pineda Meadows
Jamesberg, GU 60815",N,miles

285,Francisco Neal,070-18-2545,"01827 Brandon Loop Suite 340
North Jamesland, FM 01896",N,miles

286,Christopher Brewer,033-84-2453,"72877 Mark Ramp
Sharpview, WY 62735",Y,miles

287,Julie Lewis,591-94-0720,"926 Philip Stream Suite 071
Keithberg, NM 23286",Y,miles

288,Brooke Dominguez,758-92-7182,"6225 Navarro Pine
New Anthony, NC 27307",N,miles

289,Rebecca Wood,698-31-2292,"3965 Martha Trail
Lake John, AR 50235",N,miles

290,Howard Collier,191-53-0758,"41002 Kevin Mission
East Debrafurt, NM 90625",N,hours

291,Tammy Brown,030-70-9090,"4299 Alexander Rapid Apt. 660
Amyview, HI 20769",Y,hours

292,Stephanie Hanson,130-46-1729,"262 Quinn Ports
Padillatown, RI 14400",Y,hours

293,Morgan Schwartz,862-38-4011,"4015 Douglas Orchard
Maldonadoview, DC 81282",N,hours

294,Jennifer Hanson,051-83-8660,"Unit 4183 Box 0887
DPO AA 33393",N,hours

295,Andrew Barker,612-69-1335,"43702 Fernandez Pass
Donovanfurt, HI 68429",Y,hours

296,Melissa Morris,496-16-8534,"33434 Leach Radial
New Emily, WV 74502",N,hours

297,Susan Curtis,754-80-8563,"4996 Ellen Camp
North William, WA 21454",N,miles

298,Paul Kelly,418-63-9287,"0495 Reyes Flats
South Erica, SD 38694",Y,miles

299,Katelyn Lee,767-03-7755,"427 Fisher Square Suite 966
Jordanland, OR 86175",N,miles

300,Carlos Smith,064-05-9816,"PSC 7547, Box 0737
APO AA 22008",N,hours

301,Tanya Fowler,209-37-5619,"489 Jackson Pike Suite 734
West Walter, ME 27132",N,miles

302,Toni Russell,131-22-0450,"434 Johnson Square
Woodport, IL 92551",Y,miles

303,Jordan Wise,676-48-9480,"957 Lisa Orchard
East Charles, NC 99306",N,hours

304,Kathryn Rodriguez,329-97-5797,"4886 Ann Expressway Suite 995
Lake Samuelview, DE 59576",Y,hours

305,Christopher Lee,097-01-9586,"740 Adam Cove
Brownstad, VT 58823",N,miles

306,Michael Webb,053-25-3700,"79429 William Mission Apt. 514
North Katieton, WI 33443",Y,hours

307,Daniel Combs,369-56-2578,"45508 Jay Junctions Apt. 621
Brownmouth, VI 30596",Y,hours

308,Jennifer Torres,249-29-6052,"496 Beth Ways
Brianbury, TN 50294",Y,hours

309,Kristen Nguyen,382-38-1725,"705 Anderson Mountain
Lake Brian, CO 64018",N,miles

310,Kyle Alexander,038-06-3865,"357 Steven Spurs Suite 253
Morrowbury, IL 15203",N,miles

311,Joseph Stokes,672-70-7996,"407 Patterson Parks Suite 762
Lake Daniel, HI 23289",N,miles

312,Catherine Obrien,119-24-7261,"5037 Hardy Pines
Katrinabury, IN 87169",N,hours

313,Michael Rodriguez,748-89-9854,"5196 Glenn Square
Angelhaven, ID 66041",N,hours

314,Elizabeth Sanchez,872-43-6202,"367 Lisa Mission Apt. 183
Hallshire, MH 21310",N,miles

315,Keith Herrera,804-85-5538,"3269 Luis Isle
Loriberg, VT 92350",Y,miles

316,Benjamin Ortiz,433-31-9463,"60155 Kylie Roads
South Shawn, VT 53176",Y,hours

317,Elizabeth Johnson,185-20-6777,"311 Cook Junctions
Kyliestad, AZ 82233",Y,hours

318,Taylor Pruitt,674-96-4968,"53349 Green Summit
West David, LA 52578",N,hours

319,Roberto Luna,619-98-3535,"15748 Jason Highway
New Jonathan, GU 70281",Y,hours

320,Benjamin Price,249-54-7170,"6380 Pamela Run Suite 093
Johnmouth, UT 92672",N,miles

321,Amy Campbell,245-35-9775,"1110 Donald Mission Apt. 281
South Kennethbury, PW 64214",N,miles

322,Curtis Delgado,292-01-9921,"138 Jones Squares
Port Ronaldton, TX 92479",Y,miles

323,Timothy Henderson,328-75-1212,"409 Chapman Keys
Port Seanton, DE 02152",Y,hours

324,Kenneth Garcia,335-04-5135,"52088 Washington Ways Apt. 408
South Candacetown, NE 58839",Y,hours

325,Joan Willis,156-47-7524,"25322 Brown Glen Suite 505
New Ambermouth, NV 27969",Y,hours

326,Lorraine Nelson,087-69-1898,"60722 Angela Bridge Suite 362
North Kimberlyberg, WY 74734",Y,hours

327,Alyssa Sanders,618-29-3618,"9657 Pena Pass
New Jorge, ND 88500",N,hours

328,Samantha Patel,469-06-2636,"4321 David Mountains
Johnborough, NE 47560",N,hours

329,Michael Salazar,261-60-8649,"Unit 9461 Box 7321
DPO AP 59266",Y,miles

330,Stephanie Russell,231-30-6330,"00155 Ronald Ranch
Torreston, NC 66395",Y,hours

331,Michael Martinez,545-49-9066,"35701 Perez Bridge Apt. 236
Lake Martha, MS 91520",Y,hours

332,Brian Rodriguez,394-12-1911,"7829 Lawrence Street Suite 186
Lydiahaven, ID 97558",N,hours

333,Kimberly Phillips,177-20-3807,"4057 Gross Knoll Apt. 512
West John, WV 90387",Y,hours

334,Jason Walker,127-27-2914,"323 Glover Islands
New Brianview, VT 41474",N,hours

335,Jennifer Rogers,785-99-4034,"9783 Tanya Rapid Apt. 452
West Michelle, MH 94345",N,hours

336,Duane Hernandez,610-32-9128,"94413 Matthew Pike
North Yvonne, MH 25205",N,miles

337,Wendy Arellano,852-77-6274,"USNV Bell
FPO AA 71795",Y,hours

338,Kristy Stone,699-75-6165,"5280 Kimberly Trace
North Ashley, CA 97667",Y,miles

339,Ann Johnson,429-29-6779,"81023 Marcus Curve Suite 826
West Peter, NJ 89716",N,hours

340,Ashley Johnson,806-86-1809,"809 Patel Shores
Riddlemouth, RI 30105",N,miles

341,James Johnson,536-48-5184,"7544 Harris Lakes
Burnettshire, PR 85926",Y,hours

342,Chelsea Johnson,142-36-3119,"3590 Lynn Stream Suite 482
North Beth, AK 96299",Y,miles

343,Mr. Terrance Wallace,358-75-7000,"21257 Luis Islands Apt. 041
New Kristen, PR 25086",Y,hours

344,Jacob Harris,834-05-8451,"41341 Johnson Union Apt. 604
South Debbieside, AL 48711",Y,miles

345,Annette Johnson,443-81-0016,"366 Andre Common Suite 710
Browningburgh, PW 13883",N,miles

346,Rachel Curry,105-29-5952,"375 John Ranch Apt. 057
West Russell, WI 43238",Y,miles

347,Michael Brown,823-94-6195,"95586 Fernando Extensions
North Daniel, ME 08042",N,miles

348,Krista Obrien,631-89-9483,"0390 Hall Fort Suite 662
Lake Georgechester, TX 82897",N,miles

349,Amy Ramos,166-96-8299,"5411 Nicole Lights
Lake David, KY 77354",Y,hours

350,Stacey Gray,026-38-3783,"PSC 1383, Box 2090
APO AE 08467",Y,miles

351,Richard Johnson,277-63-8603,"32202 Jarvis Courts
Port Marcuston, CT 67990",N,hours

352,Monica Washington,878-23-1277,"183 Bennett Bypass Suite 381
Davidsonmouth, ME 54172",N,miles

353,Christy Delgado,233-72-4432,"5238 Lewis Crossing
Pittmanhaven, MN 77992",Y,miles

354,James Murphy,173-59-7114,"947 Jonathan Valleys
Lake Jamesview, IA 48444",N,miles

355,Peter Wilkins,078-16-7493,"84006 Donald Glen
Brucefurt, RI 60663",N,miles

356,Wanda Brown,849-48-9897,"PSC 6885, Box 0970
APO AA 86782",N,miles

357,Claudia Miller,434-90-7458,"PSC 5997, Box 9505
APO AP 81040",N,hours

358,Terry Smith,554-43-4107,"8521 Wallace Road Apt. 832
Kristinaborough, WV 63622",Y,hours

359,Melanie Brown,448-94-2411,"753 Mccormick Walks
Matthewhaven, KY 59465",N,hours

360,Scott Stuart,230-54-7743,"58507 Hernandez Fort Suite 035
Michaelmouth, MO 78517",Y,miles

361,Elizabeth Lee,431-95-6664,"Unit 4296 Box 1028
DPO AP 90421",N,miles

362,Jane Gordon,690-52-1074,"6773 Meghan Loop Suite 552
Jonesville, NV 03755",N,miles

363,Jody Brewer,406-40-5915,"95388 Theresa Skyway Apt. 109
Donnaberg, NE 69486",N,hours

364,Justin Mitchell,554-99-4387,"5001 Jerry Field
North Brittanyton, AK 54537",Y,miles

365,Derrick Serrano,537-18-2029,"48178 Theresa Rest Apt. 734
West Eugeneport, MD 28354",Y,miles

366,Gregory Padilla,023-10-2666,"897 Jose Trafficway Apt. 960
Grahamland, TX 60359",N,hours

367,Dustin Harris,380-72-7710,"8214 Barbara Parkway Apt. 022
Lake Joseph, PW 64896",N,miles

368,Jessica Sanchez,493-78-0024,"746 Marsh Shores
Lake Julie, TX 99253",N,hours

369,Darren Davenport,171-31-5895,"95234 Peterson Inlet Apt. 149
Cannonport, OR 77251",Y,hours

370,Donald Salazar,433-37-1961,"6096 Nicole Burg
Garciahaven, OH 60825",N,hours

371,Kimberly Snyder,552-67-1951,"97116 Tara Plains
Maddoxbury, DE 47858",Y,hours

372,Kathryn Holland,294-82-7958,"958 Simmons Vista
Stephanieborough, ND 97414",N,hours

373,Monica Cook,818-04-3451,"7884 Emily Pines Apt. 891
Courtneystad, SD 18534",N,hours

374,Jason Perez,757-94-5137,"3977 Wilcox Meadow
South Craigshire, AK 09736",Y,miles

375,Shawn Miller Jr.,684-81-8992,"PSC 4382, Box 1218
APO AP 67785",Y,hours

376,Robert Barnes,257-50-8430,"540 Meyer Gateway Suite 359
West Johnathanside, AK 65614",Y,miles

377,Michael Burns,256-48-7482,"82476 Johnston Knoll
South Brendafurt, RI 65415",N,hours

378,Joseph Jones,164-17-9394,"USNV Melton
FPO AA 99498",N,hours

379,Brent Hall,013-78-6760,"8275 Kevin Falls
Francisville, IN 04970",N,miles

380,Kristen Mosley,046-44-1572,"477 Stephen River
Martinville, CO 71739",Y,miles

381,Nicholas Ochoa,210-55-7754,"148 Sampson Well
West Robert, AK 30875",Y,hours

382,Kerry Bauer,206-18-9597,"576 Willis Tunnel Suite 747
New Brian, AZ 35312",Y,miles

383,Allison Foster,237-39-9702,"628 Jennifer Dale
Hectorborough, VI 93273",Y,miles

384,Harry Mitchell,693-17-6443,"490 Douglas Dale
Gonzalestown, IA 59632",N,hours

385,Jonathan Rogers,005-73-5573,"27725 Gomez Springs
Port Matthew, AS 16394",Y,miles

386,Edward Sullivan,028-56-2174,"4269 Thomas Rue
New Tracy, KS 25908",N,miles

387,Xavier Grant,079-38-2290,"655 Shah Junction Suite 904
South Maryburgh, MH 54585",Y,hours

388,Kevin Scott,299-31-9224,"9836 Evan Plaza Suite 521
Andersonfurt, MS 16194",Y,miles

389,Malik Nguyen,415-45-1657,"7946 Atkins Radial Apt. 490
East Carol, PR 47155",N,hours

390,Pamela Long,561-28-5482,"19113 Diana Skyway Suite 814
Port Kristenmouth, MP 54660",Y,miles

391,David Delgado,530-78-6582,"12588 Whitehead Brook Apt. 400
Tammytown, OR 26695",N,miles

392,Crystal Madden,128-39-6216,"29012 Jose Lodge
Coryton, IA 61317",Y,hours

393,Frank Mendez,080-67-8462,"PSC 8245, Box 0965
APO AP 04350",Y,miles

394,Adam Rodriguez,100-98-5394,"614 Joshua Villages Suite 189
South Kevin, CO 57028",N,miles

395,Charles Taylor,062-16-1661,"453 Yang Streets
Terryburgh, HI 19730",Y,miles

396,Ashley Ortiz,507-61-3155,"69920 Craig Neck
East Juan, WY 84320",Y,hours

397,Michelle Underwood,607-90-5050,"55818 Stephanie Ranch Apt. 517
Lake Brandonmouth, VT 39999",Y,hours

398,Jack Griffin,391-33-9146,"840 Ferguson Burgs
Rasmussenbury, MI 84371",N,hours

399,Donald Long,024-30-5453,"030 Henry Plains Suite 287
Port Jodi, NY 30285",N,hours

400,Barry Patel,419-14-5825,"Unit 1854 Box 1952
DPO AE 36029",N,hours

401,Kirk Kelly,347-54-1288,"9136 Rogers Prairie
North Stephanietown, TX 60648",Y,hours

402,Melinda Campos,201-95-6343,"9663 Moore Orchard Suite 247
Lake Christian, KS 80868",Y,miles

403,Edward Herrera,497-42-3001,"3858 Alex Ridge
Garciahaven, NM 53839",N,hours

404,James Moon,350-50-3994,"2254 Sarah Fort Apt. 899
Whiteberg, AR 73949",N,miles

405,Kelly Mcintosh,240-97-6376,"837 Adam Mission
South Alyssa, CA 82588",Y,miles

406,Barbara Douglas,258-42-5201,"672 Eileen Overpass
Port Matthew, OH 05972",Y,hours

407,Dwayne Vasquez,194-27-1861,"55044 Lopez Ridge Apt. 155
Lake Steven, IN 24433",Y,hours

408,Joseph Gomez,867-94-3557,"692 Douglas Squares
West Michael, WA 02473",Y,miles

409,Amy Coffey,287-29-8109,"5680 Butler Loop
New Matthewfurt, HI 44141",Y,hours

410,Henry Brown,799-52-3614,"3812 Maria Village
New Tracey, AS 52471",Y,miles

411,Roy Neal,660-14-5359,"783 Caldwell Pike Suite 082
South Briannafort, MT 05112",Y,miles

412,Jay Miller,594-55-9972,"7891 Beck Crossing Apt. 434
Port Seth, PW 32886",N,miles

413,Amanda Davis DDS,408-52-3246,"76026 Stone Row
Jonathonborough, MA 03593",N,hours

414,Jim Miller,737-67-1930,"7404 Paula Pine Apt. 824
East Margaretstad, VA 93138",N,miles

415,Alexandra Humphrey,888-29-5902,"381 Barker Village Suite 612
Kellyshire, ID 39695",Y,hours

416,Joshua Gonzalez,654-95-6227,"179 Bailey Squares
Cooperland, MD 30001",Y,miles

417,John Ayala,017-85-7583,"82736 Teresa Lake
Lake Allen, RI 46178",Y,hours

418,Samuel Lewis,792-62-7963,"1651 Mullins Mountain Apt. 705
Lake Alexander, PW 21917",N,miles

419,Steven Arnold,837-39-8242,"9000 Anderson Skyway
Michaelchester, MP 15082",N,hours

420,Ashley Smith,305-38-0217,"67618 Hamilton Avenue Apt. 646
Port Savannahland, PW 25066",Y,hours

421,Karl Spencer,570-96-5584,"107 Brown Cove
Lake Geraldton, DC 54592",N,miles

422,Ryan Newton,244-63-3312,"Unit 1338 Box 0800
DPO AP 00844",Y,miles

423,Jerry Garcia,476-05-4885,"50854 Katherine Plains
New Ashleytown, SD 70420",Y,hours

424,Amber Pruitt,796-72-2947,"362 Keith Camp
Beltranside, NV 64461",Y,hours

425,Melinda Bean,844-16-4445,"36396 Rosario Lane
Angelashire, PW 96504",Y,miles

426,Sarah Williams,012-06-1716,"9077 Melanie Motorway
Caldwellfurt, DC 83701",N,hours

427,Kathryn Nguyen,014-28-6314,"61444 Wagner Rapid Apt. 893
West Reneefort, AZ 00650",N,miles

428,Heather Glenn,568-95-2508,"1725 Carl Crossing
Port Michaelborough, MS 01706",Y,hours

429,Marcus Foster,883-92-8592,"362 Willie Radial Suite 305
Heatherfort, NY 54411",Y,hours

430,Kimberly Davis,739-69-0567,"60925 Lauren Radial
Gregoryfort, MS 47256",N,miles

431,Kayla Gordon,329-87-8668,"2391 Davis Dam Suite 634
Lake Kaitlynchester, PW 95110",Y,miles

432,Nancy Yates,212-46-1615,"2688 Nicole Ferry
New Sonyaburgh, CA 78892",Y,miles

433,Samuel Riley,616-76-6534,"78081 Steven Mall
Melissaborough, MI 63256",Y,miles

434,Dawn Mann,717-43-3944,"43916 Mills Locks Apt. 741
Paulport, KS 80196",N,miles

435,Eugene Mays,126-66-5709,"14789 York Divide Apt. 965
South Lisa, MA 39203",Y,hours

436,Gregory Zhang,217-51-1932,"94003 Michael Spurs Suite 683
Luisland, AK 44317",N,hours

437,Dr. Brittney White,561-48-9229,"322 Allison Branch
Hubbardport, PA 56621",N,hours

438,Christine Kelly,070-69-6592,"USNV Webb
FPO AE 64792",N,miles

439,Todd Haney,256-04-9457,"USS Woodward
FPO AE 82758",Y,miles

440,Dawn Rojas,176-86-8165,"352 Peterson Points
New Kennethtown, MT 28054",Y,miles

441,Elizabeth Hall,337-43-0945,"8436 Smith Brook Suite 915
Hendersonmouth, ME 34954",N,hours

442,Kelly Moran,338-53-6965,"06187 Myers Neck Suite 308
Carlsonfort, MH 48588",N,miles

443,Justin Hill,063-70-5887,"94855 Murphy Court Apt. 576
North Natalie, NJ 33301",N,miles

444,Sabrina Baldwin,205-50-7187,"USS Roberts
FPO AA 50567",Y,miles

445,Andre Hartman,594-69-2539,"Unit 4167 Box 0757
DPO AA 89900",Y,miles

446,Leah Garcia,027-50-9026,"03383 Lewis Views Apt. 073
West Devonstad, MI 36950",N,miles

447,Leslie Davidson,342-57-8750,"87002 Kenneth Square Suite 323
Marcusmouth, PA 07395",Y,miles

448,Michael Stevenson,126-20-1586,"70239 Kellie Highway
New John, TN 58030",Y,hours

449,Mary Smith,630-43-0707,"PSC 4392, Box 6587
APO AE 14586",N,miles

450,Tiffany Collins,618-53-4387,"2405 Carroll Rapids
Randallshire, MH 50741",Y,miles

451,Daniel Arias,493-22-9687,"44471 Parsons Brooks Apt. 443
Torresport, VT 90525",Y,miles

452,Henry Price,574-72-4224,"260 Joseph Islands Suite 963
Trujillomouth, MD 89426",N,hours

453,Shannon Wright,168-61-4512,"894 Banks Lodge Apt. 091
Jacksonchester, MI 94357",N,hours

454,Aaron Robinson,582-74-4130,"694 Lopez Prairie
Copelandburgh, AL 32892",N,hours

455,Paul Hunt,391-99-9754,"13629 Moore Road
Rhondaton, PW 62649",Y,miles

456,Anne Pena,283-38-5946,"5687 Patrick Spurs Suite 674
West Jessicaburgh, MH 66535",N,miles

457,Nicholas Mcbride,277-53-3404,"131 Erin Inlet
New Rachelport, ND 31975",Y,miles

458,Jamie Jones,805-93-5224,"6618 Kerri Tunnel Apt. 019
Port Joshuatown, CT 91826",Y,hours

459,Andre Phelps,167-53-1806,"7209 William Locks Apt. 355
Jasonfurt, NJ 71905",N,hours

460,Carol Wong PhD,645-43-8441,"424 Wright Shoal Suite 985
Wilsonborough, AK 37821",Y,hours

461,Danielle Ball,109-72-2992,"634 Scott Hills
North Justinchester, VI 99727",Y,hours

462,Jessica Kaiser,772-10-7996,"45200 Murphy Valleys Apt. 287
West Sonya, VI 89848",N,miles

463,Dale Horton,089-24-1607,"2613 Deborah Field Apt. 956
East Bryanmouth, MH 24390",N,miles

464,Jacqueline Randall,331-11-7080,"363 Haley Fall
North Michellestad, WY 65898",N,hours

465,Kelsey Mann,718-89-7144,"954 Brandy Field Apt. 394
Port Laurieport, MI 88281",N,miles

466,Ricardo Singleton,194-37-5690,"63107 Robert Freeway Suite 692
Wilsonview, NH 86188",N,miles

467,Tami Thomas,814-66-5092,"958 Galvan Expressway
Johnhaven, NY 83118",Y,hours

468,Angela Mann,609-92-3094,"65422 Perez Islands Apt. 904
North Grantchester, IN 04477",N,hours

469,Rachel Bentley,627-74-4648,"49897 Wood Summit
New Mariaport, WY 49134",N,miles

470,James Yoder,685-22-6691,"5611 Mary Roads
Vazquezland, SC 57167",Y,miles

471,Sarah Thomas,306-84-6906,"5957 John Curve
South Michael, FM 73862",N,hours

472,Nathan Edwards,156-76-6862,"0075 Maria Hills
Amandaview, NY 98396",N,miles

473,Heather Hogan,020-95-8924,"005 Martin Course
New Devin, WV 85376",N,miles

474,Amanda King,371-57-9538,"844 Tara Spur
Victormouth, PA 73800",Y,hours

475,David Robinson,206-09-7586,"95626 Livingston Station Suite 073
North Jesus, AS 08589",N,miles

476,Michael Ramos,450-85-6342,"00241 Christopher Fork
Bensonfurt, MT 96804",Y,hours

477,Jennifer Myers,290-77-5116,"81866 Mckay Center
Ellisport, OR 42876",Y,miles

478,Carl Gallegos,896-78-8517,"393 Karen Ford Suite 660
Charleston, OR 40616",Y,hours

479,Samuel Moore,771-06-4194,"016 Ryan Mission
East Jenniferburgh, AR 32917",Y,miles

480,Bruce Khan,335-38-3328,"7224 Justin Knoll
Millsbury, DC 71118",Y,hours

481,Jessica Pena,442-11-7738,"6726 Combs Estates
Port Kayla, MS 76109",N,hours

482,Amanda Rodriguez,208-37-2643,"4618 Tammy Oval
Millerfort, KS 30914",N,miles

483,Barbara Randolph,131-52-8768,"83772 Perry Drive Apt. 708
North Joshuaview, IL 13871",N,miles

484,Joseph Brown,377-54-1726,"8432 Anderson Loaf
Ericmouth, MI 82133",N,miles

485,David Bishop,127-12-1393,"9467 Drake Cape
Lake Matthew, TX 81032",N,hours

486,Mary Holder,346-11-8473,"4318 Page Ville
Amandafurt, IL 26039",N,hours

487,Andrew Taylor,391-52-3339,"15299 Jeffrey Crossroad
North Karentown, HI 03253",N,miles

488,Brenda Acosta,406-70-1783,"282 Graham Ports
Paulville, CO 47708",Y,miles

489,Amanda Rivera,486-11-2003,"57854 Yang Mill
New Krista, ME 13715",Y,hours

490,Jason Olson,562-57-8690,"56538 Brown Trace Apt. 074
South Markhaven, MH 13658",Y,hours

491,Kimberly Rodgers,279-93-9779,"USS Diaz
FPO AE 33891",Y,hours

492,Dan Stevens,101-62-5718,"708 Chen Lake Apt. 794
Port Loritown, MS 52751",N,miles

493,Lisa Myers,118-02-8418,"5575 Charles Centers Suite 177
Luisview, SC 28653",N,miles

494,Holly Sanders,535-67-4896,"59496 Laura Via
Palmerland, IA 18188",Y,miles

495,Karen King,886-33-9130,"61675 Norman Divide
North Kyleland, UT 94348",N,miles

496,Rachel Patrick,614-24-7201,"91702 Miller Lodge Apt. 113
East Joseph, MO 75269",Y,hours

497,Stephanie Burns,738-96-5025,"0528 Mccullough Plains
New Amber, AZ 83784",Y,miles

498,Gregory Hood,223-21-8208,"575 Robert Green Apt. 461
Teresaton, AZ 73870",Y,hours

499,Nathan Chase,334-32-6915,"5584 Jessica Highway
Lake Thomas, MA 09401",Y,miles

500,Dr. Donald Ho,519-42-0629,"8308 Patricia Island Apt. 271
Port Samuelview, ND 87226",Y,hours

501,Brittany Gray,231-53-0388,"80417 Steven Harbors Suite 480
East Haileyfort, NJ 36129",Y,miles

502,Laura Jones,715-29-3921,"32174 Michelle Centers Apt. 372
West Hannah, MH 09839",N,miles

503,Virginia Foster,229-07-8622,"4537 Cox Estate Suite 140
Kerryborough, AS 89222",N,miles

504,Carlos Hamilton,636-47-9891,"USNS Stewart
FPO AP 30771",Y,hours

505,Daniel Lee,444-08-6727,"21238 Susan Mills
East Erica, VI 11039",Y,miles

506,Nicole Stokes,301-25-8630,"9438 Candace Well Suite 657
East Crystalshire, DE 80087",N,hours

507,Megan George,427-65-3875,"02633 Castro Ferry
Gregoryburgh, TN 46976",N,hours

508,Leslie Rowe,204-53-6833,"74614 Ann Camp
South Sandra, CO 60808",Y,hours

509,Samuel Wilson,433-73-5435,"178 Williams Walks
Kevintown, RI 17231",N,hours

510,Andrew Peters,716-66-1092,"150 Shannon Roads Suite 652
Stewartville, VT 07298",N,hours

511,Suzanne Thompson,213-25-4785,"3596 Richard Squares
Farmermouth, ID 86997",N,miles

512,Samuel Thompson,654-77-0195,"592 Michael Cliffs Suite 803
Ianfurt, NY 03491",Y,hours

513,Robert Baldwin,341-10-6470,"87381 Henderson Fort
Jessicaberg, MA 54178",N,hours

514,David Brown,298-22-2117,"USNV Morales
FPO AE 71189",Y,miles

515,Breanna Nelson,699-72-8766,"USS Diaz
FPO AA 55800",Y,miles

516,Jessica Ramsey,456-03-4744,"2927 Bryant Square
Lake Breanna, HI 74180",Y,miles

517,Allen Lee,335-14-7236,"030 Amanda Road
Lake Nicole, OH 60655",N,hours

518,Sharon Sullivan,050-61-1975,"8868 David Stravenue
Combsstad, AR 58511",N,miles

519,Jared Wilson MD,421-81-1060,"168 Autumn Summit Apt. 616
South Kristina, NY 40125",N,miles

520,Janice Walker,458-95-0671,"222 Raymond Knoll
Lake Petermouth, SC 30923",N,miles

521,Erin Weber,103-14-0514,"7612 Melissa Cliffs Apt. 266
Kiarafurt, MI 17184",N,miles

522,Matthew Williams,637-65-7456,"161 Charles Mill
Port Jason, ID 14835",N,hours

523,Dr. Bonnie Jones,291-61-5300,"9455 Tiffany Court Suite 022
New Anneview, SC 86821",N,hours

524,Shelly Daniel,878-11-7687,"94328 Brown Brooks Suite 123
Lake Taylor, KY 79380",Y,miles

525,Scott Nguyen,165-96-9455,"72871 Joseph River Suite 616
Brendamouth, KY 44526",N,hours

526,Eric Jenkins,640-16-7095,"Unit 6987 Box 4114
DPO AA 85274",N,miles

527,Mark Valenzuela,696-98-4819,"629 Lewis Street Apt. 266
Lake Mackenzie, SD 94324",N,miles

528,Derek Gutierrez,105-90-0888,"73492 Ian Ranch
Gilesville, WA 04515",N,hours

529,Shane Aguilar,188-59-0716,"2775 Robinson Lane
Port Ashleyburgh, OH 16035",Y,miles

530,Laura Cunningham,011-48-1517,"352 David Lights Suite 586
Jeremiahmouth, WA 93527",N,hours

531,Jennifer Stanley,015-56-2327,"0866 Buck Plains Apt. 735
Jasmineburgh, CO 40244",N,miles

532,Matthew Foley,694-59-0721,"2990 Curtis Spurs Suite 889
Hoodmouth, VI 61790",N,hours

533,David Roberts,097-01-8756,"17533 Brown Gateway
Jessicatown, MH 91249",N,miles

534,Beverly Garcia,667-40-7270,"0933 Smith Corners
East Albertville, SC 13484",N,miles

535,Victor English,357-82-1238,"28163 Montoya Fall Apt. 301
New Lauraburgh, MS 57314",N,hours

536,Julian Love,813-77-5804,"5966 Seth Oval
Marshshire, DC 17744",Y,hours

537,Anna Mckinney,027-72-5215,"66540 Tammy Loop Suite 311
East Angela, GA 27392",Y,hours

538,Michael Anderson,371-53-6682,"7028 Li Locks
Lisaview, NM 59948",Y,hours

539,Michael Sims,076-47-7448,"2176 Kayla Club Suite 595
Lake Jasonfort, NH 35022",Y,hours

540,Daniel Miller,102-12-1619,"679 Smith Center
North Robert, AK 39070",Y,miles

541,Tammy Ayala,473-22-0172,"4247 Stevens Hills
Ellisport, IA 69054",Y,miles

542,Kimberly Hooper,812-73-9181,"6859 Jeffrey Square Apt. 139
Port Anthonymouth, PA 02892",Y,miles

543,Brandy Pope,719-37-8297,"5866 Maurice Land
East Jimmy, WV 50305",N,hours

544,Emily Anderson,133-02-4210,"3949 Hancock Manor
Michaelside, AL 76285",N,hours

545,Claudia Jackson,103-41-5895,"9267 Michelle Union
East Jennyton, NE 23403",Y,miles

546,Melissa Stewart,216-38-1686,"081 Marcus Coves
Port Denisemouth, VI 32123",Y,hours

547,Stephanie Rollins,462-54-1581,"623 Moore Wall Suite 538
Johnfurt, FL 80366",N,miles

548,Michael Anderson,866-69-6321,"790 Tammy Drive Apt. 269
West Yolanda, TX 61160",N,hours

549,David Wong,135-66-9185,"4175 Elizabeth Lodge Apt. 598
Martinfort, NV 82802",Y,miles

550,James Ramirez,099-44-2122,"5804 Jason Summit
Hunterville, NJ 31208",Y,hours

551,Christine Erickson,527-66-9821,"2930 Frey Knolls Suite 958
Port Anneside, WA 28924",N,miles

552,Mark Roberts,689-14-5731,"869 Williams Summit Apt. 700
Vaughnview, HI 97126",N,miles

553,Jody Hardin,465-15-5485,"57890 Steven Brook Suite 794
Lake Kellyshire, AL 86311",N,hours

554,Claudia Blackburn,184-28-9436,"639 Perkins Avenue
Wilsonton, NH 37979",Y,hours

555,Sarah Smith,757-02-2334,"9807 Steven Plaza Suite 973
Josephland, NY 02017",Y,hours

556,Lisa Barron,722-63-1765,"50326 Kenneth Row
West Debbiefurt, KY 41760",N,miles

557,Christine Hawkins,715-15-0897,"2933 Valerie Parkways Apt. 045
Hollyhaven, VA 79506",Y,hours

558,Mark Taylor,110-55-0125,"426 Robert Common
Caldwellmouth, AZ 23511",N,hours

559,Jessica Sawyer,324-59-2733,"4775 Brittany Cove Apt. 979
Santostown, TX 78097",Y,miles

560,Amber Hernandez,528-89-1498,"847 Flowers Parkway
New Ashleyfurt, KS 55921",N,hours

561,Meghan Robinson,195-85-4496,"0314 Allison Isle Apt. 229
New Teresa, OR 35778",Y,hours

562,Amy Ross,761-77-8070,"PSC 1953, Box 1878
APO AP 53856",N,hours

563,Charles Ballard,879-63-9517,"35700 Flynn Junction Apt. 320
Sarahburgh, IL 37187",N,miles

564,Michael Hernandez,375-47-2820,"068 Kevin Circle Suite 526
Dixonville, GU 47646",N,hours

565,Janet Dawson,565-13-0006,"32572 Mcintyre Meadows Suite 183
Lake Brentberg, OK 78703",N,hours

566,Kyle Cole,311-25-2734,"496 Amanda Park
Daughertychester, NH 61349",Y,miles

567,Heidi Barker,355-24-6970,"6739 Alex Stream Apt. 060
Katrinafort, AS 92045",N,miles

568,Melissa Shields,659-95-4662,"0327 Berry Squares Suite 415
Baxterport, MD 91833",N,miles

569,Michael Martin,843-09-4347,"80862 Escobar Green
Hernandezberg, CT 32488",N,hours

570,Michael Lee,639-21-7848,"121 Gonzales Lakes Suite 888
North Marvin, NM 48217",N,miles

571,Tyler Nelson,667-05-3186,"8753 Christopher Courts Apt. 353
West Catherineland, MP 89190",N,miles

572,Benjamin Stafford,860-37-8901,"2408 Newman Skyway
New Maryshire, MO 49594",N,miles

573,Daniel Smith,759-91-3360,"3211 Rodriguez Stream
Donnaport, MA 05373",N,hours

574,Connor Heath,010-09-5936,"USNV Shaffer
FPO AA 04095",Y,hours

575,Laura Martinez,290-63-9953,"431 Kelsey Streets
Port Peterhaven, OR 96575",Y,hours

576,Tammy Cooper,394-40-8655,"3329 Kenneth Mission Apt. 402
West Luisland, VT 61324",N,miles

577,Steven Bullock,635-58-6566,"8266 Henson Mews
Sandraport, ND 46347",N,hours

578,Jasmine Knox DDS,732-68-6939,"267 Hodges Spring Apt. 496
Kellyfort, VA 01515",N,hours

579,Ronald Lopez,651-60-9848,"4553 Jennings Throughway Suite 000
Lake Pamelaberg, ND 61225",Y,hours

580,Matthew Thomas,158-81-8143,"6269 Hall Coves
Oconnelltown, GA 08334",Y,miles

581,Lori Short,760-56-1228,"104 Ortiz Valley
Floresside, CO 92023",Y,miles

582,Ms. Sandra Bolton DDS,712-65-5091,"PSC 0296, Box 4266
APO AA 30938",Y,miles

583,Derrick Marsh DDS,196-17-8771,"50642 Michael Station
Longshire, MH 45844",N,miles

584,John Brown,609-38-5004,"472 Torres Flat Suite 355
West Derek, ME 68582",Y,miles

585,Robert Stewart,055-69-9261,"534 James Mountain Apt. 402
Ryanburgh, RI 99213",Y,miles

586,Connor Garner,672-32-6669,"642 Kristen Dale Apt. 402
Port Taraport, NH 83023",N,miles

587,Erika Washington,715-63-7472,"3631 Juan Parkways
Vincentshire, IL 77924",N,miles

588,James Short,863-20-5520,"20540 Blake Union
South Jamie, FL 05767",Y,miles

589,Patricia Harris,680-21-7149,"PSC 8733, Box 7243
APO AE 20758",Y,miles

590,Riley Moore,748-52-9142,"81880 Rodriguez Cape
Howardshire, SC 64019",Y,hours

591,Rachel Berg,695-42-6837,"80379 Austin Springs Apt. 463
Russellmouth, HI 25553",Y,miles

592,Amy Davis,624-88-7960,"1126 Myers Orchard Apt. 862
West Holly, TN 78561",Y,hours

593,Jonathan Becker,841-31-6243,"73203 Melissa Cliff Suite 654
West Melody, VI 61941",Y,hours

594,Howard Brown,055-38-5885,"2580 Jennifer Track
South Melissaside, ID 26953",N,hours

595,Patricia Turner,823-26-1855,"58121 Williams Lodge
Port Jamesfort, WA 70630",Y,hours

596,Brenda Norman,618-53-9380,"92479 Cross Port
East Haleyville, PW 48145",N,hours

597,Matthew Combs,629-90-7428,"9895 Christopher Springs
Scottburgh, UT 30963",Y,hours

598,John Smith,385-59-8325,"64071 Troy Inlet Suite 479
South Michele, AZ 43623",Y,hours

599,Aimee Rowe,506-55-4044,"8494 Catherine Heights
Millerchester, VA 78576",Y,hours

600,Donald Gibson,370-16-5287,"976 Vega Plaza Suite 275
West Latoya, TX 03420",N,miles

601,Travis Martinez,604-49-4127,"312 Mccoy Stream Suite 797
Kellytown, IA 57048",Y,hours

602,Isaac Nguyen,812-77-4612,"040 Ramirez Harbor Suite 852
Vickiland, VI 45571",N,miles

603,Michael Thomas,803-67-4413,"539 Jimmy Alley Apt. 665
Armstrongfort, AZ 41704",Y,hours

604,Jessica Obrien,180-16-6152,"2019 Jensen Street
South Robert, NM 41639",Y,hours

605,Mary Morales,064-46-9643,"9668 Landry Wall Suite 502
Randystad, OH 77876",N,miles

606,Brandy Blackburn,211-89-1344,"6963 Yang Stream
New Christopher, DC 10357",Y,hours

607,Gary Campos,503-19-3114,"36023 Armstrong Port
Anthonyside, NC 79426",N,hours

608,Lee Graham,497-49-2234,"PSC 9799, Box 2838
APO AE 10010",N,hours

609,Eddie Sanchez,160-67-1108,"04115 Andrea Rest
Millsfort, ME 80850",N,hours

610,Matthew Crawford,042-40-0677,"048 Lucas River Suite 794
South David, ME 10360",N,hours

611,Thomas Ferguson,240-44-3701,"0243 Holland Ports
Lake Maureen, MI 35557",Y,miles

612,Kimberly Baird,116-27-5995,"PSC 1444, Box 6616
APO AE 70206",Y,hours

613,Keith Willis,699-22-5868,"11490 Kristine Turnpike Suite 494
East Brian, VT 70216",N,hours

614,Derek Salazar Jr.,297-12-7061,"9187 Joshua Forges
Loriport, MA 10027",Y,miles

615,Cindy Johnson,074-93-6970,"82738 Bailey Crescent Apt. 476
Albertstad, WV 36065",N,miles

616,John Savage,206-53-8731,"271 Blake Flat
Taylorberg, NC 51622",Y,hours

617,John Wood,532-84-4564,"2438 Smith Forge
New Michelle, AK 84000",N,hours

618,Lisa Turner,731-78-7261,"5118 Stacy Summit Apt. 026
Lake Joanneville, CA 14077",N,miles

619,Molly Butler,770-04-1410,"53823 James Curve
Penaberg, WI 27785",Y,hours

620,Edward Murphy,898-20-2729,"627 Andrew Extension Suite 363
Codystad, AL 20627",N,hours

621,Brandy Wilson,620-20-8117,"4694 Erin Throughway Apt. 994
East Charlesport, MI 88529",Y,miles

622,Joseph Sanchez,214-23-4089,"12106 Adams Lane Suite 584
Stephensland, PR 87642",N,miles

623,Karen Thompson,342-36-6312,"9205 Turner Extension Suite 032
East Shannon, MH 54407",N,hours

624,Erica Rodriguez,546-80-3611,"PSC 7667, Box 3886
APO AP 07973",Y,hours

625,Sarah Daniels,722-72-7734,"5588 Pamela Junctions Suite 941
Port Kyle, MP 76891",Y,hours

626,Donna Gonzalez,726-90-9860,"685 Allen Well Apt. 681
Billybury, MP 43641",N,hours

627,Alicia Jones,651-75-0479,"198 Holly Mountain Suite 755
Poncebury, OK 00655",N,miles

628,Juan Rodriguez,371-40-6082,"032 Maxwell Ports Apt. 888
North Christopherland, WY 79035",N,hours

629,Julie Fernandez,756-90-6275,"791 Burns Valley
Port Jessica, KY 61002",N,hours

630,Michelle Stein,357-96-0491,"1842 Joshua Villages Suite 775
East Amberside, MT 15078",N,hours

631,Gina Walker,304-72-0885,"2679 Sharon Village Apt. 466
Melissamouth, VI 20117",N,miles

632,Wendy Moon,692-25-9590,"934 Weber Field Suite 884
East Markville, WI 89768",Y,hours

633,Alexander Stark,409-64-1686,"481 Taylor Parks Apt. 678
Jacksonport, AL 44094",N,miles

634,Ashley Dillon,629-54-8823,"12592 Heather Glen
East Markview, WA 16946",N,hours

635,James Bailey,057-25-8348,"6441 Dean Shoals
Port Erika, SC 55112",N,miles

636,Matthew Robbins,396-97-2666,"456 Ward Plains Apt. 460
New Jasminefurt, IA 83983",Y,hours

637,Lisa Avery,051-08-4603,"212 Lucas Stravenue Suite 684
Stephenmouth, DE 48269",N,miles

638,Emily Torres,282-86-9293,"260 Ronald Fields
Lopezberg, MH 26281",Y,hours

639,Brett Stevens,099-32-3640,"24766 Johnson Skyway
Aliciastad, MS 49026",N,miles

640,Joshua Romero,675-32-8354,"0278 Karen Neck
West Margaretfort, WI 67676",Y,miles

641,Michele Floyd,233-64-4249,"340 Dana Station Apt. 679
West Christopher, CA 26146",Y,miles

642,Morgan Wilson,064-94-8557,"5868 Michael Street
Lake Debra, MH 67949",Y,miles

643,Kelly Thomas,451-06-5554,"68229 Black Square
Nicholsport, NH 49497",N,miles

644,Mary Brady,414-23-3836,"Unit 5474 Box 1576
DPO AP 18145",Y,hours

645,April Holt,511-82-0750,"528 Diaz Avenue Apt. 884
North Lisaburgh, TN 03487",Y,miles

646,Sean Martinez,784-26-8015,"824 Bishop Knoll Apt. 097
Hardingchester, AL 09021",Y,miles

647,Megan Clark,226-39-1448,"4370 Adam Pine Apt. 117
North Courtneystad, VT 40897",Y,miles

648,Donna Taylor,007-90-0089,"USNV Lopez
FPO AP 17406",N,hours

649,Cheryl Smith,574-34-9155,"USS Hart
FPO AP 23349",N,miles

650,Elizabeth Davis,305-98-6824,"672 Kimberly Tunnel
Davidhaven, VT 69375",Y,hours

651,Isabella Norris,004-19-2178,"Unit 8168 Box 9625
DPO AA 46273",Y,miles

652,Nicholas Gibson,055-38-7642,"727 Cook Isle
Port Jacob, HI 26179",Y,miles

653,Mary Reynolds,183-32-0987,"Unit 8094 Box 3615
DPO AE 14847",N,hours

654,Dennis Bell,330-14-1928,"PSC 6712, Box 3365
APO AE 15867",N,miles

655,Craig Haynes,860-36-9524,"00834 Karen Track Suite 813
Curtisville, MO 69084",N,hours

656,Michael Chase,297-27-9575,"432 Davis Bridge
New Laurenport, AK 24485",Y,hours

657,Roger Roman,662-50-6213,"7378 Laurie Summit
East Cynthiashire, WI 44625",N,miles

658,Jamie Thomas,765-27-9138,"2011 Flores Road Suite 036
South Danielchester, DE 27877",Y,hours

659,Christine Conrad,873-59-4171,"8796 Kristin Loaf
Staceyside, AK 56273",Y,hours

660,Cody Calderon,504-26-4427,"39419 Kelly Spur
East Rodney, IA 24132",Y,hours

661,Billy Chandler,069-38-2941,"696 Schultz Terrace
Noahchester, FM 11967",Y,miles

662,Jeremy Aguilar,056-77-3866,"7320 Mcgrath Union
Longberg, MT 23737",Y,hours

663,Luis Powers,510-04-2221,"3666 Luna Inlet
Lake Michael, MA 87968",Y,hours

664,Renee Galloway,037-29-9888,"50976 Maldonado Mountain Suite 531
Jamesport, FM 89665",Y,miles

665,Leonard Boyd,225-72-2523,"Unit 1097 Box 1875
DPO AE 85079",N,hours

666,Brett Clark,314-61-3207,"723 Tamara Vista
New Margaret, WA 23567",N,hours

667,Amber Wiley,670-42-3225,"287 Hayes Forest
South Juliaport, CO 16947",N,miles

668,Julie Valencia MD,285-94-1782,"Unit 6620 Box 5754
DPO AE 63847",N,miles

669,Mitchell Dominguez,124-05-3931,"96975 Timothy Estate
Meganshire, VI 78061",N,hours

670,Jessica Morris,283-04-5948,"7758 Hines Station Suite 797
New Williamton, AS 96193",Y,miles

671,Thomas Massey,183-95-8414,"82088 Michael Gardens
Parkport, TN 13358",Y,miles

672,Andre Martinez,757-74-6899,"24077 Jennifer Curve
Lake Vincentmouth, PA 90713",Y,hours

673,Elizabeth Snow,240-31-1183,"18473 Evans Mall
Frostland, ME 59012",N,hours

674,Cassandra Garcia,816-62-0980,"69773 Kristin Highway
East Rachelview, MS 84708",N,miles

675,Richard Clark,722-64-8063,"USNV Baker
FPO AP 20220",Y,miles

676,Kristin Rubio,785-86-1107,"3620 Powers Shore Apt. 783
Michaelburgh, MH 24984",Y,miles

677,James Bailey,081-29-8970,"275 Jason Viaduct
Lake Jeffrey, OH 48509",Y,hours

678,Jo Morales,379-17-0431,"899 Brenda Hill
East Amanda, VT 43972",Y,miles

679,Jeffrey Peck,881-01-2619,"83302 William Fields Suite 476
Meghanside, CO 54672",Y,miles

680,Jeffery Chavez,478-50-9243,"16451 Robert Crest Apt. 965
Lopezville, UT 98808",Y,miles

681,Frank Sanchez DDS,590-97-7617,"042 Owen Trail
Whiteland, CT 14067",N,hours

682,Wayne Moore,167-61-5676,"4999 Alvarez Cove
Rhondashire, NE 43028",N,miles

683,Jerry Juarez,787-51-3887,"59035 Amanda Stream
East Annastad, SD 63126",Y,miles

684,Heather Harris,504-72-2472,"62741 Weaver Stravenue Suite 079
North Kevin, NE 78632",Y,miles

685,Jason Martinez,148-13-7286,"7517 Todd Shoals
Williamsfurt, IL 62967",N,miles

686,Louis Johnson,858-16-6695,"1183 Michelle Trail Apt. 575
West Nicholas, IN 77190",N,miles

687,Samantha Rangel,596-84-7949,"19719 Brennan Crescent Suite 897
Virginiabury, NY 24670",N,miles

688,Tina Hubbard,797-65-3657,"17492 Forbes Summit Suite 080
Port Jamesbury, WA 21070",Y,hours

689,Crystal Perez,608-31-7738,"92694 Joseph Forest Suite 150
South Brenda, MO 49437",Y,miles

690,Lynn Rogers,041-72-7671,"9346 Edwards Circles Apt. 323
South Eddie, FL 76300",N,hours

691,Scott Lucas,206-45-7807,"7397 Lewis Springs Apt. 523
Jonesbury, RI 43630",N,hours

692,Jonathan Nguyen,434-25-6732,"1415 Gloria Trace
New Crystalchester, AL 80687",Y,hours

693,William Higgins,491-75-3366,"0397 Ian Tunnel Apt. 424
Murrayberg, TN 00776",Y,miles

694,James Miller,635-25-9921,"89655 Sharon Meadow
South Grant, HI 90184",N,miles

695,Michael Hull,249-92-3585,"24886 Ingram Mall Apt. 810
Littlefort, WV 01407",Y,hours

696,Lisa Ramos,497-60-1218,"72061 Aaron Ford
East Micheal, NM 54882",N,miles

697,Timothy King,508-64-3677,"9592 Ryan Ridges Apt. 466
Sarahland, KS 67658",Y,hours

698,Melinda Moses,810-83-9684,"50186 Escobar Fork Suite 626
Johnhaven, MA 99627",Y,hours

699,John Mata,580-79-7085,"137 Jennifer Keys
Perezport, NC 51555",N,miles

700,Tracy Marshall,210-54-6188,"Unit 8088 Box 4966
DPO AE 02440",N,miles

701,Tiffany Rogers,110-38-9324,"169 Victoria Pike
Austinville, OK 87071",N,hours

702,Derek Russell,065-02-3517,"0697 Santos Lodge
Lake Larrymouth, CT 08602",N,hours

703,Tracy Morris,123-17-8429,"06466 Miller Parkway Suite 625
Heathermouth, OH 28337",Y,miles

704,Judith Robertson,611-82-8802,"49383 Kimberly Stravenue Apt. 317
Grossville, NV 31605",Y,miles

705,Brianna Woods,080-37-1143,"32986 Jeffrey Mission
Coxstad, NH 71786",Y,miles

706,David Morris,566-63-0431,"19655 Harvey Prairie
Thomasshire, AZ 39178",Y,hours

707,Bernard Paul,660-98-2612,"959 Albert Rapid Apt. 200
New Amyhaven, MA 41476",N,hours

708,Tiffany Bishop,818-66-8787,"PSC 3808, Box 0796
APO AA 77379",N,miles

709,Donald Smith,551-40-8562,"8932 Rivera Well Suite 555
Tateville, MN 63648",N,hours

710,Daniel Lee DDS,596-72-5624,"3152 Contreras Spurs Suite 306
Morganport, DE 31880",Y,miles

711,Richard Lee,657-28-5536,"87385 David Prairie
Dillonchester, SD 23173",Y,miles

712,Carl Bishop MD,632-33-3534,"434 Calderon Groves
Emilyside, OH 36267",N,miles

713,Duane Taylor,589-10-2759,"88625 Alexa Trail Apt. 515
Haleton, NY 17769",Y,miles

714,Nina Peters,148-97-0990,"8663 Donna Mews
Bradton, MS 73486",N,hours

715,Brian Estrada,401-50-2397,"56398 Thomas Mews Suite 603
Nathanville, RI 72470",Y,miles

716,Andrea Ford,308-36-7148,"766 Pamela Road
Lake Michelle, KS 70930",Y,hours

717,Teresa Garcia,654-55-6232,"856 Benjamin Keys Apt. 628
Jonesside, NE 81927",N,hours

718,Carrie Davis,005-49-5321,"5530 Rush Crest Suite 242
Ramosshire, NM 81267",Y,hours

719,Krystal Wolf,672-62-3941,"22326 Alan Islands Suite 580
South Michaelport, WA 28176",Y,hours

720,Rachel Martinez,377-07-3027,"490 Kennedy Center Apt. 151
Bakerchester, GU 47804",N,miles

721,Christine Hinton,415-71-9287,"64347 Mitchell Junction Suite 157
Lake Sabrina, SD 65778",Y,miles

722,Carol Reeves,419-85-7937,"7253 Brandon Mills
Lake Ashleyview, HI 18947",Y,miles

723,Alexandra Bartlett,296-36-8507,"454 Hamilton Curve Suite 218
East Sheilaburgh, AR 76991",Y,hours

724,Dylan Parker,390-96-0881,"575 Robert Views
South Lori, MS 67410",Y,miles

725,Eileen Beard,171-71-7953,"189 Carpenter Rapids Apt. 067
East Nicole, FM 21796",N,miles

726,Katherine Stevens,698-99-4203,"Unit 8108 Box 7274
DPO AE 62527",Y,miles

727,Gina Holland,017-08-7020,"30170 Carol Run
Vaughanborough, NC 53728",N,miles

728,Ariel Anderson,112-35-0216,"Unit 2665 Box 5795
DPO AA 63358",Y,hours

729,Tanya Warren,166-45-0280,"Unit 1988 Box 2331
DPO AP 70293",N,miles

730,Christian Jones,753-50-5050,"083 Blair Plain
Port James, GA 17028",Y,hours

731,Michelle Smith,377-83-5415,"4764 Erika Road Suite 685
Port Philipfort, AL 91274",Y,miles

732,Laura Beard,871-85-1190,"9522 Kevin Viaduct Apt. 032
Ramosberg, OR 68842",Y,hours

733,Phillip Campos,690-69-3371,"Unit 8907 Box 0071
DPO AA 26302",Y,miles

734,Jordan Taylor,118-91-1569,"1758 Knox Lane Apt. 893
New Elizabethland, TX 29980",Y,miles

735,William Reyes,715-62-6274,"Unit 1646 Box 8200
DPO AE 75531",N,hours

736,Michele Gonzalez,659-72-1249,"215 Michelle Bypass
East Nancy, ME 97262",N,miles

737,Aimee Gonzalez,514-94-9112,"735 Ramirez Circle
Saraborough, AS 56752",Y,miles

738,Kari Cook,863-48-4536,"806 Townsend Ranch
Carlamouth, OH 30097",N,hours

739,Lauren Li,022-47-5351,"796 Natalie Parks
East Jacqueline, HI 13351",Y,hours

740,Mr. Jose Morris,486-56-1086,"707 Misty Parks Apt. 801
Joshuatown, RI 50499",N,miles

741,Joy Jackson,286-31-2134,"466 Sean Ford Apt. 285
Callahanview, SC 40752",N,hours

742,Jacob Ellis,373-37-3748,"494 Henry Shores Suite 450
Jonesfort, MH 51827",Y,miles

743,Benjamin Clark,795-68-6717,"298 Matthew Landing Apt. 642
Victoriaberg, WY 67837",N,miles

744,Yolanda Hendricks,319-11-8046,"Unit 5695 Box 0446
DPO AE 45792",N,hours

745,Jeffrey Hawkins,520-68-9665,"USNV French
FPO AE 38055",Y,miles

746,Gary Andrews,808-07-9300,"43992 King Terrace Apt. 023
East Summer, NM 90648",Y,miles

747,Jonathan Morris,481-46-4007,"58843 Sharp Valleys
New Carolstad, NE 33913",N,hours

748,Ian Hill,207-92-2564,"8910 Hobbs Tunnel
Lake Christineberg, SD 61136",N,hours

749,Cheyenne Lozano,257-25-7635,"90750 Jamie Row
Grahamtown, VT 95575",Y,miles

750,Kim Flores,618-97-1134,"50973 Edward Center
Kennethmouth, MH 55074",N,miles

751,Zachary Gardner,809-34-0390,"USS Smith
FPO AA 96618",Y,miles

752,Shawn Ryan,325-80-3563,"3322 Brian Tunnel Apt. 470
Port Derrickview, MD 96752",Y,hours

753,Robert Owens,299-28-1464,"78912 Matthew Shore
Lake Angela, WA 69840",N,hours

754,Joshua Flowers,892-91-7071,"91979 Olivia Freeway
Wangland, ID 85147",N,hours

755,Christine Griffith,810-67-7400,"958 Patrick Tunnel Apt. 459
Kimberlyshire, MP 41472",N,miles

756,David Miller,884-91-9814,"443 Robert Falls Apt. 814
Port William, AK 50208",Y,miles

757,Paula Randolph,544-78-4557,"141 Nelson Plains Apt. 047
Anthonyport, IA 60309",Y,miles

758,Kenneth Harris,752-36-7376,"192 Mark Inlet Apt. 702
Brownburgh, DC 90215",Y,hours

759,Daniel Gonzales,483-47-5772,"245 Phelps Brook Suite 118
Barrettfurt, OR 97220",Y,miles

760,Daniel Ewing,139-41-5406,"841 Brianna Forges Apt. 350
Lynchhaven, IL 80506",Y,hours

761,Michael Miller,189-54-1476,"7253 Stuart Mountain
Youngmouth, TX 15703",Y,miles

762,Anne Hunt,253-65-4972,"81064 Jessica Throughway Apt. 032
Lake Brendaburgh, GA 52220",N,hours

763,Melissa Bass,022-26-9888,"579 Rodney Drive Apt. 659
North Joseph, WA 26751",N,miles

764,Jessica Kline,388-52-5733,"587 Castro Landing
Charlesborough, AR 68862",N,hours

765,Martin Rocha,103-87-7396,"25654 Jasmine Mills
Martinezview, MP 11682",N,hours

766,Amy Trevino,343-64-8841,"831 Katrina Prairie Apt. 376
East Kathryn, IN 48192",Y,miles

767,Jessica Mitchell,122-25-9900,"7873 Amy Island
Brandyville, WY 29739",Y,hours

768,Robert Larson,154-89-8650,"PSC 6507, Box 5133
APO AA 62559",N,hours

769,Grace Rogers,808-98-9814,"165 Blair Drives
Cochranview, KS 02288",N,miles

770,Ian Cole,019-49-4372,"PSC 5446, Box 2053
APO AA 30467",Y,miles

771,Tommy Lewis,271-82-4942,"48265 Smith Shore
Rodgersberg, NC 39668",N,hours

772,Claudia Obrien,781-31-2635,"5637 Thomas Dale
Nicholsfort, OR 89416",Y,hours

773,Daniel Yang,482-11-5229,"81389 Samantha Meadow
Kirbymouth, NH 25665",Y,hours

774,Charles Hayes,331-01-7554,"1257 Woods Forest Apt. 794
East Bradley, ND 22503",Y,hours

775,Keith Kramer,243-40-1614,"647 Abigail Village
Moorestad, AZ 41692",N,miles

776,Dr. Gwendolyn Robinson,337-47-2518,"99965 Kristopher Island
Willismouth, ND 33921",N,miles

777,Jessica Lee,860-62-0677,"33508 Sharp Loop Apt. 591
West Meganland, NV 29617",Y,hours

778,Heather Rodriguez,510-28-5596,"151 Alexander Street
Halltown, HI 76149",N,miles

779,Isabel Proctor,415-78-2403,"9595 Oconnor Freeway Suite 560
North Kathryn, KY 06807",Y,miles

780,Randy Martinez,848-62-4862,"99319 Caldwell Turnpike Suite 378
Lake Anthony, MT 31163",Y,hours

781,Robin Lewis,299-65-8354,"7254 Kim River
East Anthony, IN 28595",N,hours

782,Karen Chen,136-14-4884,"980 Lisa Lock Suite 470
New Heather, NY 17370",Y,miles

783,Kelly White,788-70-5276,"0837 Robertson Fork
Pageside, FL 70666",N,hours

784,Heather Gonzales,486-02-6905,"323 Andrews Haven
South Thomasfort, WY 82836",Y,hours

785,Tonya Lam,367-59-5038,"015 Michael Freeway Apt. 298
South Samantha, MN 03141",Y,miles

786,Brandon Clark,724-75-2150,"45980 Long Parks Apt. 370
Harrisonview, OH 72101",Y,miles

787,Maria Phillips,493-98-1992,"798 Alyssa Extensions Apt. 263
Suzanneview, NJ 91368",N,hours

788,John Hernandez,392-95-8777,"34585 Romero Light
Edwardsborough, AL 70265",Y,miles

789,Mr. Richard Burch,641-67-8825,"01168 Rodriguez Neck
South Paulchester, KY 88698",N,hours

790,Mary Davis,442-36-8269,"994 Adams Radial Suite 650
Jennifertown, AS 39887",N,hours

791,Karl Collins,137-87-1985,"07781 Mark Ports Suite 795
Perezchester, ME 20250",Y,hours

792,Michael Jones,066-70-7136,"847 Brown Curve
North Lisamouth, WY 01619",Y,hours

793,Pamela Taylor,414-52-9648,"92095 Jason Manor
Williamton, CT 83182",Y,hours

794,James Bates,330-51-7782,"97937 Joshua Bridge Apt. 136
Port Danielville, WY 74668",Y,miles

795,Mr. James Lopez,048-57-9999,"8365 Ewing Square
Savagehaven, OR 23873",Y,hours

796,Amanda Vazquez,798-68-2402,"403 Jackson Keys
Jasontown, ID 07769",Y,miles

797,William Sanders,117-32-0419,"PSC 3667, Box 9220
APO AP 71859",Y,hours

798,Arthur Chung,701-45-7237,"96341 Nancy Land
Guerrabury, AR 38825",N,miles

799,Donald Parker,749-75-8754,"13319 Lisa Ways
North Janice, MT 14960",Y,miles

800,Gabriella Blake,669-47-0469,"49971 Berry Springs
Valencialand, WA 42573",N,hours

801,Chelsea Scott,153-32-3388,"33847 Brady Village
Robertsshire, MO 39063",Y,hours

802,Tina Miller,272-92-9436,"250 Chase Ramp
West Christinestad, KY 31261",N,hours

803,Jennifer Fuller,849-79-2266,"285 Kennedy Ports
Williammouth, VA 16818",Y,miles

804,Jerry Pena,224-54-4727,"95092 Elizabeth Ridge
Lopezside, NV 98513",Y,hours

805,David Davis,752-85-8541,"6390 Adam Junction Suite 392
New Jose, NH 36154",N,hours

806,Eric Moore,557-90-8868,"2109 Austin Loop Suite 846
Wardton, MI 24764",Y,hours

807,Michael Lopez,434-06-5999,"7085 Nelson Stream Apt. 311
Santiagofurt, HI 89422",Y,hours

808,Julie Walker,135-87-4475,"5224 Steven Fall
North Kathrynland, MA 39690",Y,miles

809,Jesus Clarke,562-57-7203,"Unit 2665 Box 0507
DPO AE 73809",N,miles

810,Amanda Williams,877-26-1540,"35171 Cameron Pines Suite 834
East Sarahhaven, KY 82902",Y,hours

811,Chloe Hunter,098-77-4630,"Unit 3085 Box 6472
DPO AP 50822",Y,hours

812,Meredith Jackson,495-08-4886,"16129 Romero Neck
Lake Kimberlyville, HI 82899",N,hours

813,Gregory Bond,362-39-3961,"773 Harrison Lights
Daltonmouth, TN 53466",Y,hours

814,Richard Lowery,699-30-3356,"07792 Kathryn Extensions Apt. 655
Nicoleside, MS 53187",Y,hours

815,James Garza,686-81-6479,"USNV Booker
FPO AE 42125",Y,hours

816,Robert Byrd,236-27-5371,"927 Michelle Alley
Kimberlyview, DE 86261",Y,hours

817,Thomas Sanchez,271-24-0895,"5550 Ryan Crossroad Apt. 854
Everettmouth, AK 38804",Y,hours

818,Selena Allison,370-98-8323,"USCGC Clark
FPO AA 04575",Y,miles

819,Danielle Hayes,265-17-7029,"042 Shawn Trafficway Apt. 712
Tiffanyville, HI 43998",N,hours

820,Austin Pruitt,420-82-7712,"USNS Gonzalez
FPO AP 13975",N,hours

821,Anthony Walters,747-84-4309,"8877 Heather Garden Apt. 449
North Jennifer, PR 05001",Y,miles

822,Makayla Lambert,015-21-4869,"2001 Kyle Cove
Lake Michaelton, NM 74053",N,hours

823,Nancy Perkins,652-88-4430,"4227 Sanchez Summit
Robertland, AL 62354",Y,hours

824,Matthew Brock,841-21-2761,"2386 Frank Wells Suite 182
Michaelshire, SD 17021",N,hours

825,Christopher Perez,803-94-2408,"0474 Howard Forks Suite 329
Emilybury, WY 59137",N,hours

826,Jason Anderson,142-20-4357,"1881 Jose Fort Apt. 456
North Tinaton, OR 45547",Y,hours

827,Anna Mcdonald,195-57-6530,"1832 Denise Manors
New John, MA 18815",N,miles

828,James Miller,052-84-4049,"7199 Hill Landing Apt. 131
Stephaniefort, MO 42997",Y,hours

829,Jonathan Stephens,861-17-0047,"3337 Baker Throughway Suite 834
Madisonport, WV 10105",Y,miles

830,Ross Kennedy,883-28-3768,"USNS Banks
FPO AP 51767",Y,miles

831,Andrew Murphy,008-56-5619,"Unit 9729 Box 4469
DPO AA 22259",N,hours

832,Christopher Davidson,225-07-8671,"08007 Nathan Overpass Apt. 064
Lake Elizabeth, CO 99126",Y,miles

833,Larry Mcknight,810-55-7289,"766 David Crossroad
Boydbury, OH 02395",N,miles

834,James Roberson,682-37-8518,"PSC 0812, Box 0558
APO AP 48872",N,miles

835,Joseph Moore,720-18-4766,"3940 Jesse Drives Suite 273
New Wayne, PA 02341",N,miles

836,Jessica Grant,032-28-8614,"41511 Erica Port
Lake Maryshire, CO 42372",Y,hours

837,Caroline Vaughn MD,895-10-6491,"380 Melissa Vista
Bennettside, OR 65548",Y,miles

838,Joshua Gonzalez,749-19-1393,"PSC 7383, Box 1433
APO AA 58663",Y,miles

839,Marc Olson,444-24-9237,"698 Randy Ports
Davidville, NJ 22978",N,hours

840,Adam Sanders,872-15-2365,"2186 Thomas Port Suite 490
Lake Stephaniestad, MP 40174",Y,hours

841,James Reyes,314-15-2661,"9654 Anderson Path
Millerburgh, ID 76524",Y,hours

842,Robert Williams,336-96-3090,"091 Mitchell Common
Brewerview, AS 63671",Y,miles

843,Bryce Adams,048-21-3286,"154 Amanda Lake
Lake Joshua, CT 96125",Y,miles

844,John Montgomery,211-94-3281,"0626 Robert Port
West Caseytown, DE 11475",N,miles

845,Michael Lara,364-56-8909,"1391 Andrew Hollow
Lake Michaelhaven, TN 16916",N,hours

846,Regina Aguilar,187-08-8529,"784 Eaton Center Apt. 453
Ralphberg, SC 34926",N,miles

847,Jennifer Chandler,312-93-9394,"749 Diane Tunnel Apt. 457
Port Angela, TX 57110",N,miles

848,Joshua Rose,299-93-6000,"133 Dixon Park Suite 396
Michaelhaven, OH 05646",N,miles

849,April Morrison,457-88-5980,"359 Andrew Inlet Apt. 990
Lake Timothy, PA 31787",N,hours

850,Henry Morales,625-33-2092,"508 Reed Shore Apt. 042
South John, NY 57221",N,miles

851,Troy Gonzalez,388-98-8144,"52516 Sims Vista Suite 099
Grantton, DC 90788",Y,hours

852,Lisa Hall,122-10-8705,"98388 Mary Forest Apt. 587
West Andrea, WA 05178",Y,miles

853,Mark Wang,799-96-6862,"964 Gordon Junctions Apt. 472
Ronaldtown, NE 49386",Y,miles

854,Donna Walker,796-64-2418,"59640 Breanna Ports
East Carriemouth, ND 11078",N,hours

855,Andrew Bell,709-20-7768,"2964 Willie Knolls Suite 994
Cookmouth, AS 54758",N,miles

856,William Allen,343-88-0655,"158 Warren Divide
Jefferyfurt, IL 71746",Y,miles

857,Laura Park,648-74-9469,"25889 Sara Burg
East Davidfort, MP 55684",N,miles

858,Craig Foster,057-03-8627,"513 Blackburn Union Apt. 903
Colonhaven, WI 87639",N,hours

859,Dominic Whitney,318-48-0341,"236 Doyle Squares
Leemouth, MS 55490",N,hours

860,Zachary Mclaughlin,702-67-3519,"238 Manning Valley
Lake Suzanneborough, MA 93833",Y,miles

861,Richard Robinson,802-74-9668,"626 Moore Lights
Port Christopher, OR 85116",N,hours

862,Joseph Brown,346-29-6158,"9859 Moore Row Suite 993
Seanfurt, OR 97252",N,hours

863,Kenneth Brown,545-28-9897,"21820 Schmidt Island
South Ashleymouth, MI 44247",Y,miles

864,Eric Garza,177-84-2237,"043 Miller Port
West Donald, IA 41982",Y,miles

865,Marcus Weber,002-85-4676,"USNS Johnson
FPO AP 09420",N,miles

866,Connie Tucker,203-62-5680,"PSC 6421, Box 5452
APO AE 44656",N,miles

867,Amy Smith,125-58-4214,"241 Samantha Glen Suite 400
West Andrewmouth, PW 35295",Y,hours

868,Kelly Anderson,670-83-1236,"396 Ronald Drives
Christensenshire, NE 72840",N,miles

869,Danny Davis,685-77-0794,"3144 Brian Skyway Apt. 400
Katieton, NM 77600",Y,hours

870,Vincent Powers,602-09-5720,"800 Reed Spurs
West Maryhaven, MS 23707",N,hours

871,John Boyd,316-28-4288,"214 Christopher Shoals
Port Julian, ND 61379",N,miles

872,Mary Moss,215-85-6782,"Unit 4290 Box 6748
DPO AE 68622",N,miles

873,Alicia Quinn,113-53-9183,"Unit 2704 Box 0799
DPO AE 92209",Y,hours

874,Dana Munoz,590-06-1211,"USCGC Spencer
FPO AA 19487",N,miles

875,Nathan Horton,780-37-4876,"1648 Michael Radial Suite 208
Collinsville, CT 74871",Y,miles

876,Eugene Nguyen,550-98-9697,"8566 Avila Tunnel Apt. 112
Kennethport, KS 41637",Y,miles

877,Julia Thompson,800-09-7144,"86158 Crystal Fort
Ernestville, VT 38637",Y,miles

878,Kimberly Bennett,068-99-1092,"15658 Rhodes Orchard
Willishaven, MO 94619",Y,hours

879,Johnny Huff,069-94-5247,"PSC 4063, Box 7979
APO AE 33529",N,hours

880,Jack Giles,062-63-6815,"68458 Campbell Knolls Apt. 374
South Emily, ND 59337",N,miles

881,Diana Murphy,112-70-2370,"4045 Collier Corners
New Andrewfort, NC 30176",Y,miles

882,Lauren Shepherd,774-90-1686,"11807 Benson Radial
West Christy, PR 40813",Y,miles

883,Tim Harmon,193-68-3731,"77292 Raymond Pass Suite 882
Lake Michael, AK 95368",N,miles

884,Eric Butler,185-83-1257,"49468 Mark Dam
South Kenneth, NE 01217",N,hours

885,Carrie Morris,511-53-0518,"0586 Fuentes Vista
Lake Jeffery, NC 37005",N,miles

886,Teresa David,477-82-8337,"6156 Cummings Circle Suite 684
Danaberg, ID 91567",N,miles

887,Rachel Grant,812-91-3180,"26578 Ross Mountain
East Kathrynmouth, PW 28022",N,hours

888,Vicki Moore,410-61-9591,"94047 Ashley Mount Apt. 843
Heatherside, NE 78060",Y,hours

889,Jessica Hunt,243-42-2946,"PSC 0314, Box 6112
APO AE 77255",Y,hours

890,James Short MD,546-74-8291,"USNV Hunt
FPO AE 91197",Y,hours

891,Tyler Moore,203-52-2605,"6208 David Island
Armstrongview, FL 68142",Y,hours

892,Diane Maldonado,725-19-2664,"143 Sarah Parkways Apt. 490
West Nathanielshire, OK 12436",Y,miles

893,Katie Preston,842-88-3055,"PSC 9661, Box 2772
APO AP 90907",N,miles

894,Richard Harrison,388-65-1308,"4333 Gomez Turnpike Suite 797
North Christopher, MP 73934",N,miles

895,Katherine Baird,757-72-1842,"5534 Williams Fords
West Stacy, MT 71562",Y,hours

896,Tiffany Mack,643-69-7958,"719 Perez Forks
Lake Paul, GA 25865",Y,miles

897,Valerie Ortiz,440-24-7524,"29342 Wesley Union
Romerofort, DC 08232",N,miles

898,John Ross,841-02-0939,"4388 Lynn Island Suite 261
New David, AR 12841",Y,hours

899,Erica Smith,557-11-8990,"43718 Scott Inlet Apt. 335
Melanieberg, HI 22521",Y,miles

900,Jeffery Randolph,461-86-7107,"20064 Weber Manors
East Josephstad, LA 53674",Y,hours

901,Elizabeth Peck,221-83-2946,"33907 Grimes Dam
Port Miguelland, PA 51036",Y,hours

902,Jeremy Blackwell,117-24-7285,"96744 Regina Landing Apt. 653
New Timothymouth, CA 23987",Y,miles

903,Karen Brooks,447-10-4633,"USNS David
FPO AE 73032",N,miles

904,Michael Mendoza,317-56-1921,"6276 Jason Gateway
Jeffreymouth, TN 89110",N,hours

905,Brandon Davis MD,396-63-0292,"USCGC Thomas
FPO AA 89621",N,miles

906,Ricardo Weiss,166-55-0733,"10806 Kimberly Valley Suite 436
Brittanymouth, GU 03426",Y,miles

907,Steven Kelley,575-61-1427,"3287 Justin Ferry Apt. 541
Stephensfort, KS 77897",N,hours

908,Gary Smith,645-80-7574,"292 Crawford Islands
West Matthew, VT 13527",Y,miles

909,Christopher Schneider,061-15-0087,"06241 Moyer Spring Suite 063
Anthonyshire, OH 48751",N,miles

910,Joan Miller,214-16-9142,"25033 Castro Station
Lake David, LA 55523",Y,miles

911,Karen Horn,305-59-0018,"6048 Barrett Landing
Lake Aprilland, MI 95825",Y,hours

912,David Medina,376-49-3580,"3149 Dawson Grove
South Mark, VI 10572",Y,miles

913,Dennis Decker,169-17-1733,"88078 Fisher Roads Apt. 260
East Julie, WA 28740",Y,hours

914,Jason Gomez,142-59-8977,"62925 James Turnpike
New Kariborough, IN 96625",N,miles

915,Logan Hudson,822-93-9364,"Unit 1592 Box 4618
DPO AP 83174",N,hours

916,Kyle Weaver,578-97-5909,"380 Melissa Road
New Pamelaside, OR 71740",N,miles

917,Mrs. Rose Boone,135-68-1211,"09381 Williams Locks
Ericburgh, PW 93649",N,miles

918,Thomas Quinn,363-25-6734,"19382 Jessica Mews
Dianeport, VT 98968",Y,miles

919,Jake Glass,125-78-8691,"Unit 7396 Box 5269
DPO AP 84563",N,hours

920,Cristian Jimenez,827-33-0422,"2354 Michelle Pike Suite 656
Angelafort, NE 95179",N,hours

921,David Nielsen,122-89-9952,"849 Garcia Brook Apt. 279
Williamborough, NH 08770",N,hours

922,Nathan Williams,129-88-0931,"68832 Shelly Course
Morrisonville, MO 72345",N,hours

923,Jessica Schmidt,569-19-2116,"16073 Monroe Spring
Rasmussenborough, PW 06157",Y,miles

924,Samuel Harrington,580-29-1763,"694 April Greens
Darrylport, IN 82548",N,miles

925,Terry Taylor DVM,601-42-3987,"46642 Simmons Field Apt. 045
Lake Jacob, ME 41161",N,hours

926,Katherine Gonzalez,607-76-4652,"PSC 2079, Box 2896
APO AP 59523",Y,miles

927,Morgan Howard,426-47-0550,"910 Ingram Falls
East Meaganmouth, DC 92853",Y,miles

928,Robert Howard,072-93-6127,"41166 Christopher Crossing Suite 484
Elizabethmouth, WI 41496",N,hours

929,Derrick Mason,347-33-4574,"952 Christopher Vista
East Andrewville, MO 55969",N,miles

930,Tara Johnson,519-25-9066,"69035 Margaret Rest
Melindaview, OK 92356",Y,hours

931,Brian Thomas,709-66-7222,"2584 Jackson Neck
Lake Audrey, PR 28530",N,hours

932,Sheila Dyer,058-52-3338,"34533 Marshall Plaza
Ryanstad, NH 03790",Y,miles

933,Jeffrey Brock,082-94-4613,"853 Montes Green Suite 311
Henryton, WI 74769",N,hours

934,Susan Green,766-45-5626,"24901 Jenkins Pine
Codyshire, PR 69078",N,hours

935,Kathleen Velasquez,774-22-5840,"99712 Melanie Wall
Port Sheriview, CA 03638",Y,hours

936,Nathan Parsons,310-59-1785,"335 Kimberly Way Suite 695
Port Alexander, NY 44838",Y,hours

937,Wyatt Hampton,289-04-4445,"8353 Walters Ford
West Christinamouth, MS 49986",Y,hours

938,Lisa Rodriguez,573-29-4836,"8177 Williams Lodge
New Monica, CO 42135",Y,miles

939,Nathan Perez,293-08-8642,"78243 Rebecca Street Apt. 489
Christopherfort, WA 45101",Y,hours

940,Mark Black,404-89-3197,"27644 Miranda Forges
West Brendafort, MP 91333",Y,hours

941,April Pena,337-69-9625,"3456 Alexander Road Apt. 460
Port Jonberg, VT 17358",Y,hours

942,Christopher Montgomery,413-97-6118,"55352 Cheryl Camp
Port Megan, AZ 10860",N,miles

943,Eric Hancock,624-77-5054,"22817 Mahoney Green Apt. 830
Carolton, SC 80240",N,miles

944,Monica Smith,462-66-4703,"335 Garcia Stravenue
Lake Brittany, MO 82280",Y,hours

945,Christopher Young,847-64-3590,"72191 Kathy Shoals Suite 869
New Jeffrey, IA 85388",N,hours

946,Nicholas Thomas,129-49-4540,"6760 Mitchell Isle Suite 082
New Michaelstad, AK 02602",Y,miles

947,Michael Davis,110-37-5885,"881 Danielle Way
Robertmouth, AL 33328",N,miles

948,Lisa Turner,656-94-8966,"00848 Jackson Landing
North Brandon, NM 46776",N,hours

949,Latoya Freeman,466-68-1904,"53092 Johnathan Shore
South Brianburgh, MN 93667",N,miles

950,Matthew Morgan,288-67-4340,"11625 Dennis Course
Andrewland, NE 54311",N,hours

951,Carrie Knight,471-73-5581,"430 Bradley Mountain Apt. 279
Stephenberg, NH 62171",Y,hours

952,Alexis Hensley,077-40-2703,"344 White Rest
Luisville, CT 54674",Y,miles

953,Mrs. Krista Watson MD,477-51-3673,"60565 Ashley Turnpike
East Theresastad, AZ 81063",Y,miles

954,Mary Mitchell,745-37-1774,"15500 Daniel Port
Mcguireberg, MN 46982",N,hours

955,Angela Kramer,880-91-8005,"USNS Russell
FPO AP 77116",N,miles

956,Tammy Barr,535-06-6052,"97833 Carter Skyway
East John, NV 64892",Y,miles

957,Thomas Brown,272-52-8130,"086 Jocelyn Roads
Joshuashire, MS 25508",Y,miles

958,Jessica Tran,350-06-9416,"777 Juan Locks
Tylermouth, LA 58598",Y,miles

959,Joseph Cox,383-43-2938,"338 Brown Crest
West John, TN 79999",Y,hours

960,Angelica Wagner,193-82-6720,"2481 Wu Dale
Phillipston, FM 88729",Y,miles

961,Stephanie Daniels,020-55-5718,"328 Emily Crossing Suite 388
South Christopherland, IL 54685",N,miles

962,Bradley Kemp,542-01-5786,"8487 Michael Square
West Ericside, MN 89302",Y,miles

963,Dawn Little,255-08-5632,"385 Torres Isle Apt. 207
Jenniferburgh, NE 84504",Y,miles

964,Oscar Cox,761-87-8366,"7213 Johnson Parkway
Haydenberg, NE 86831",Y,hours

965,Matthew Aguilar,637-54-0047,"1003 Mackenzie Well Apt. 150
North Melissaburgh, UT 57511",Y,hours

966,Madison Williams,106-95-9273,"125 Karen Centers Suite 299
Randallstad, FM 93264",Y,miles

967,Travis Oneal,525-30-9030,"637 Julie Lane
West Jenniferchester, MA 82465",N,hours

968,John Valenzuela,118-46-1983,"645 Chapman Dale Apt. 916
Port David, WI 60535",N,miles

969,Patrick Ramirez,444-71-4902,"3317 Ronald Trafficway Suite 707
Gonzalezshire, KY 30953",N,miles

970,Beth Jones,017-18-7233,"0420 Christina Spurs
Brookefort, WI 37356",N,hours

971,Jennifer Meadows,557-54-4853,"454 Robert Forges
Lewisberg, IN 30217",N,hours

972,Jose Dixon,771-75-1981,"56126 Tim Groves
Lake Ann, OK 72509",N,hours

973,Lori Turner,235-25-3915,"2676 Davis Path Suite 037
Acostahaven, OR 19509",N,hours

974,Linda Cook,448-82-5926,"32214 Davis Squares Suite 847
Snyderfurt, WA 73055",Y,hours

975,Ashley Moss,070-02-4916,"56712 Scott Fields Suite 862
Rogerstown, WA 05126",Y,hours

976,Donna Simpson,777-28-1593,"Unit 4965 Box 3734
DPO AP 39440",Y,miles

977,Margaret Pollard,131-73-9156,"PSC 4519, Box 3552
APO AE 69453",N,hours

978,Jessica Harvey,044-40-0036,"140 Grace Parks
East Williamborough, ND 65621",N,miles

979,Jonathan Williamson,438-22-0266,"17867 Jose Cliff Apt. 794
North Donna, MH 56560",Y,hours

980,George Taylor,664-06-3172,"628 Perry Mountain
West Valerie, OH 81785",N,hours

981,Ronald Ferguson,038-50-0087,"014 Bond Trace
South Jessica, VI 25749",N,hours

982,Lisa Taylor,596-98-3065,"2598 Adams View
Lake Benjaminchester, DC 89212",N,hours

983,Shawn Arnold,481-96-4844,"72771 Jeremy Meadows Apt. 385
Angelaton, NE 12861",N,hours

984,Yvonne Williams,858-30-4073,"323 Marie Ferry Suite 374
New Philipburgh, NV 89913",Y,hours

985,Rachel Davis,877-59-6912,"7034 James Gateway Apt. 780
Gregoryville, CA 67150",N,miles

986,Amber Harper,732-52-0916,"766 Edward Parkway
North Charlesburgh, MD 41607",N,miles

987,Tina Higgins,492-97-7574,"USNS Meyer
FPO AP 26425",Y,hours

988,Shawn Bolton,327-44-1269,"329 Edward Plains
East Sydneyland, ME 24705",N,hours

989,Terri Morgan DDS,701-96-1221,"0268 Kane Center Apt. 561
Port Benjaminfurt, VT 69564",Y,hours

990,Kristin Smith,393-37-7924,"66517 Luis Freeway Suite 560
New Susanborough, ID 22033",Y,miles

991,Spencer Love,471-20-8198,"7612 Destiny Mountains Apt. 176
Port Heather, FM 25758",N,hours

992,Edwin Bartlett,131-50-3280,"829 Sean Ramp
Basston, SC 07347",N,hours

993,Joseph Stanley,659-63-5690,"USNV Graham
FPO AE 31331",N,hours

994,Derrick Raymond,298-88-5806,"USCGC Stewart
FPO AA 49814",Y,hours

995,Samantha Hoffman,099-64-9034,"4883 Lambert Route
Melissaville, OR 82566",N,miles

996,Christine Lam,153-16-0489,"190 Guzman Mission Apt. 036
Josephchester, UT 81798",N,hours

997,Susan Miller,278-85-0091,"27925 Young Parkway Suite 208
North Christopher, MT 86159",N,miles

998,Christine Stuart,274-59-6094,"608 Thomas Knoll Suite 792
Rebekahstad, SC 46551",N,hours

999,Sydney Hernandez,571-70-3304,"0495 Jacqueline Stravenue Suite 713
North Kristen, VT 59714",N,miles

1000,Catherine Murphy,787-36-7956,"65352 Paul Well
North Kim, IN 92614",Y,hours

1001,Melissa Davis,566-31-8653,"92454 Debra Stravenue
Stephanieton, KY 30915",N,miles

1002,Darren Mcconnell,245-52-7454,"019 Paul Fork
Shawnshire, VT 53562",Y,hours

1003,Michelle Kerr,299-74-2750,"4119 Levi Landing
East Paulastad, IL 86548",N,hours

1004,Christine White,433-94-1058,"52303 Mueller Turnpike Apt. 875
Kaneborough, RI 70358",N,miles

1005,Alexander Li,196-61-4332,"5495 Frazier Corners
Belltown, MT 37179",N,miles

1006,Rachel Jimenez,128-74-9808,"98493 John Ferry Apt. 584
Lake Anthony, AL 33800",Y,miles

1007,Karen Hernandez,856-82-3181,"99373 Lee Canyon
Sosaburgh, MS 66185",Y,miles

1008,Brooke Riley,212-67-3643,"981 Colleen Streets Apt. 532
Timview, GU 64878",Y,miles

1009,Michael Scott,606-28-8165,"693 Moreno Throughway Suite 878
Brookeland, HI 62806",N,miles

